-- MySQL dump 10.13  Distrib 8.0.42, for Win64 (x86_64)
--
-- Host: 127.0.0.1    Database: artwave
-- ------------------------------------------------------
-- Server version	8.0.42

/*!40101 SET @OLD_CHARACTER_SET_CLIENT=@@CHARACTER_SET_CLIENT */;
/*!40101 SET @OLD_CHARACTER_SET_RESULTS=@@CHARACTER_SET_RESULTS */;
/*!40101 SET @OLD_COLLATION_CONNECTION=@@COLLATION_CONNECTION */;
/*!50503 SET NAMES utf8 */;
/*!40103 SET @OLD_TIME_ZONE=@@TIME_ZONE */;
/*!40103 SET TIME_ZONE='+00:00' */;
/*!40014 SET @OLD_UNIQUE_CHECKS=@@UNIQUE_CHECKS, UNIQUE_CHECKS=0 */;
/*!40014 SET @OLD_FOREIGN_KEY_CHECKS=@@FOREIGN_KEY_CHECKS, FOREIGN_KEY_CHECKS=0 */;
/*!40101 SET @OLD_SQL_MODE=@@SQL_MODE, SQL_MODE='NO_AUTO_VALUE_ON_ZERO' */;
/*!40111 SET @OLD_SQL_NOTES=@@SQL_NOTES, SQL_NOTES=0 */;

--
-- Table structure for table `artist_samples`
--

DROP TABLE IF EXISTS `artist_samples`;
/*!40101 SET @saved_cs_client     = @@character_set_client */;
/*!50503 SET character_set_client = utf8mb4 */;
CREATE TABLE `artist_samples` (
  `SampleID` int NOT NULL AUTO_INCREMENT,
  `ArtistID` int NOT NULL,
  `ImagePath` varchar(255) NOT NULL,
  PRIMARY KEY (`SampleID`),
  KEY `ArtistID` (`ArtistID`),
  CONSTRAINT `artist_samples_ibfk_1` FOREIGN KEY (`ArtistID`) REFERENCES `artists` (`ArtistID`) ON DELETE CASCADE
) ENGINE=InnoDB AUTO_INCREMENT=87 DEFAULT CHARSET=utf8mb4 COLLATE=utf8mb4_0900_ai_ci;
/*!40101 SET character_set_client = @saved_cs_client */;

--
-- Dumping data for table `artist_samples`
--

LOCK TABLES `artist_samples` WRITE;
/*!40000 ALTER TABLE `artist_samples` DISABLE KEYS */;
INSERT INTO `artist_samples` VALUES (20,7,'/uploads/apply_1748699162425-292414398.jpg'),(21,7,'/uploads/apply_1748699162429-112566674.jpg'),(22,7,'/uploads/apply_1748699162430-823962273.jpg'),(23,7,'/uploads/apply_1748699162436-357489060.jpg'),(24,8,'/uploads/apply_1748714105719-34417699.jpg'),(25,8,'/uploads/apply_1748714105720-327473775.jpg'),(26,8,'/uploads/apply_1748714105720-589522458.jpg'),(27,9,'/uploads/apply_1748714341764-738360990.jpg'),(28,9,'/uploads/apply_1748714341764-164951960.jpg'),(29,9,'/uploads/apply_1748714341765-694978970.jpg'),(30,10,'/uploads/apply_1748720229655-342665420.jpg'),(31,10,'/uploads/apply_1748720229657-29419581.jpg'),(32,10,'/uploads/apply_1748720229658-18715421.jpg'),(33,11,'/uploads/apply_1748722043070-173705033.jpg'),(34,11,'/uploads/apply_1748722043070-254507681.jpg'),(35,11,'/uploads/apply_1748722043070-960176777.jpg'),(36,11,'/uploads/apply_1748722043070-647681483.jpg'),(37,12,'/uploads/apply_1748722099809-440302980.jpg'),(38,12,'/uploads/apply_1748722099811-248774350.jpg'),(39,12,'/uploads/apply_1748722099811-979439939.jpg'),(40,13,'/uploads/apply_1748722160726-224596244.jpg'),(41,13,'/uploads/apply_1748722160727-802593223.jpg'),(42,13,'/uploads/apply_1748722160728-553145108.jpg'),(43,14,'/uploads/apply_1748722229756-421230270.jpg'),(44,14,'/uploads/apply_1748722229757-775345903.jpg'),(45,14,'/uploads/apply_1748722229757-954842490.jpg'),(46,14,'/uploads/apply_1748722229758-268205936.jpg'),(47,15,'/uploads/apply_1748722300966-970061803.jpg'),(48,15,'/uploads/apply_1748722300966-825925308.jpg'),(49,15,'/uploads/apply_1748722300967-214787259.jpg'),(50,15,'/uploads/apply_1748722300967-215174058.jpg'),(51,16,'/uploads/apply_1748722349427-652898294.jpg'),(52,16,'/uploads/apply_1748722349428-983648429.jpg'),(53,16,'/uploads/apply_1748722349429-909476245.jpg'),(54,17,'/uploads/apply_1748722400909-802291273.jpg'),(55,17,'/uploads/apply_1748722400910-305383367.jpg'),(56,17,'/uploads/apply_1748722400911-912151625.jpg'),(57,18,'/uploads/apply_1748722462146-218605409.jpg'),(58,18,'/uploads/apply_1748722462146-773707378.jpg'),(59,18,'/uploads/apply_1748722462147-752111348.jpg'),(60,19,'/uploads/apply_1748722506182-976511632.jpg'),(61,19,'/uploads/apply_1748722506184-896558097.jpg'),(62,20,'/uploads/apply_1748722559422-608540835.jpg'),(63,20,'/uploads/apply_1748722559422-174262798.jpg'),(64,20,'/uploads/apply_1748722559423-676233661.jpg'),(65,21,'/uploads/apply_1748722611863-567598227.jpg'),(66,21,'/uploads/apply_1748722611864-544952170.jpg'),(67,21,'/uploads/apply_1748722611864-397908628.jpg'),(68,22,'/uploads/apply_1748722659289-231424053.jpg'),(69,22,'/uploads/apply_1748722659289-695488631.jpg'),(70,23,'/uploads/apply_1748722711965-829288526.jpg'),(71,23,'/uploads/apply_1748722711965-803649561.jpg'),(72,23,'/uploads/apply_1748722711966-554233978.jpg'),(73,23,'/uploads/apply_1748722711967-274766925.jpg'),(74,24,'/uploads/apply_1748722755402-689499687.jpg'),(75,24,'/uploads/apply_1748722755403-345290963.jpg'),(76,25,'/uploads/apply_1748722799845-410939955.jpg'),(77,26,'/uploads/apply_1748722839125-850995061.jpg'),(78,27,'/uploads/apply_1749199722368-35439033.jpg'),(79,27,'/uploads/apply_1749199722375-755143017.jpg'),(80,27,'/uploads/apply_1749199722380-906083248.jpg'),(81,27,'/uploads/apply_1749199722387-561521609.jpg'),(82,27,'/uploads/apply_1749199722393-745958786.jpg'),(83,28,'/uploads/apply_1750085098015-576599077.jpg'),(84,28,'/uploads/apply_1750085098017-841402030.jpg'),(85,28,'/uploads/apply_1750085098018-71733992.jpg'),(86,28,'/uploads/apply_1750085098019-665719680.jpg');
/*!40000 ALTER TABLE `artist_samples` ENABLE KEYS */;
UNLOCK TABLES;

--
-- Table structure for table `artists`
--

DROP TABLE IF EXISTS `artists`;
/*!40101 SET @saved_cs_client     = @@character_set_client */;
/*!50503 SET character_set_client = utf8mb4 */;
CREATE TABLE `artists` (
  `ArtistID` int NOT NULL AUTO_INCREMENT,
  `UserID` int NOT NULL,
  `Bio` text,
  `SocialLinks` text,
  `Status` enum('pending','approved','rejected') NOT NULL DEFAULT 'pending',
  `AvatarPath` varchar(255) DEFAULT NULL,
  PRIMARY KEY (`ArtistID`),
  UNIQUE KEY `UserID` (`UserID`),
  CONSTRAINT `artists_ibfk_1` FOREIGN KEY (`UserID`) REFERENCES `users` (`UserID`) ON DELETE CASCADE
) ENGINE=InnoDB AUTO_INCREMENT=29 DEFAULT CHARSET=utf8mb4 COLLATE=utf8mb4_0900_ai_ci;
/*!40101 SET character_set_client = @saved_cs_client */;

--
-- Dumping data for table `artists`
--

LOCK TABLES `artists` WRITE;
/*!40000 ALTER TABLE `artists` DISABLE KEYS */;
INSERT INTO `artists` VALUES (7,19,'У меня никогда не было художественного образования. Я просто много смотрю, чувствую и иногда не выдерживаю — тогда беру планшет или ручку.','https://t.me/janaStepanova','approved','/uploads/avatar_1748724488627-420356517.jpg'),(8,20,'Я рисую, когда не могу объяснить словами. Иногда это просто коты, иногда — мои сны.','https://ru.pinterest.com/','approved','/uploads/apply_1748714105718-473135404.jpg'),(9,21,'Рисую страх, чтобы перестать бояться. Иногда это срабатывает. Моё искусство — это не хоррор ради ужаса, а попытка поговорить о том, что тревожит внутри. Света в этих работах немного, но, возможно, он где-то всё-таки есть.','https://ru.pinterest.com/','approved','/uploads/apply_1748714341764-759834532.jpg'),(10,22,'Watshi wa kanzen ni shitsubo shita','https://t.me/mero_chu','approved','/uploads/apply_1748720229655-18081382.jpg'),(11,23,'Рисую зверей. Мне всегда нравилось наблюдать за движением ушей, поворотом хвоста, выражением глаз — в этом больше честности, чем в любом портрете.\r\nЛюблю кошек, но рисую всех подряд! Иногда это просто настроение с ушами.','https://ru.pinterest.com/','approved','/uploads/apply_1748722043065-276554617.jpg'),(12,24,' не люблю позировать, поэтому рисую других. Чаще всего — друзей, знакомых.\r\nПортрет для меня — это не про \"похоже\", а про \"я тебя вижу\". Где-то нос специально кривее, где-то взгляд острее — потому что в этот момент человек был именно таким.\r\nМои рисунки не идеальные, но в них есть дыхание. Иногда даже чужое.\r\nЕсли ты когда-то сидел напротив меня с кофе — возможно, я тебя уже рисовал.','https://ru.pinterest.com/','approved','/uploads/apply_1748722099809-808682397.jpg'),(13,25,'В детстве я верила, что русалки живут в лужах, а деревья разговаривают между собой. Сейчас просто рисую это — чтобы всё ещё немножко верить.\r\nФэнтези для меня — это не драконы и мечи, а странные леса, тёплый свет из-под двери, женщина с жабрами, которая грустит по суше.\r\nЛюблю детали, странные цвета и ощущение, что в кадре — не всё.','https://ru.pinterest.com/','approved','/uploads/apply_1748722160725-102456912.jpg'),(14,26,'Я рисую людей — чаще всего тех, кого придумал, но иногда тех, кого хотелось бы знать.\r\nМои герои — это немного актёры. Они позируют, молчат, смотрят в сторону. Иногда ты думаешь, что они вот-вот что-то скажут, но это не случается.\r\nЛюблю мужские лица, жесты, которые не замечают в жизни, тени от вспышек и свет, которого не было.\r\nВсё, что здесь — не портреты. Это кадры.\r\nФильм — в голове. Я просто нажимаю \"стоп\" и рисую.','https://ru.pinterest.com/','approved','/uploads/apply_1748722229755-478491453.jpg'),(15,27,'Рисую тех, кого люблю. Серьёзно — я эмоционально привязываюсь к персонажам сильнее, чем к людям.\r\nЕсли ты когда-нибудь смотрел мультик и думал: «А как бы он выглядел в моём стиле?» — мы с тобой на одной волне.\r\nЯ делаю фан-арт не ради лайков. Я делаю это, чтобы сказать «спасибо» героям, которые помогли мне выжить во время тяжёлых дней, вдохновили, рассмешили или просто были рядом на экране.\r\nМои рисунки — это фан-письма, только в цвете.','https://ru.pinterest.com/','approved','/uploads/apply_1748722300965-559780747.jpg'),(16,28,'Мне просто нравятся люди. Их шеи, носы, рубашки, позы, в которых они даже не подозревают, что красивы. Я не рисую \"похожих\", я рисую как вижу.\r\nИногда это скетчи, иногда — почти иллюстрации. Часто — что-то между.','https://ru.pinterest.com/','approved','/uploads/apply_1748722349427-287685309.jpg'),(17,29,'Рисую моменты, которые хочется запомнить. Иногда они выдуманные, но ощущаются настоящими.\r\nМне нравится, когда иллюстрация — это не просто картинка, а маленькая история. Не громкая, не пафосная — такая, где хочется остаться.','https://ru.pinterest.com/','approved','/uploads/apply_1748722400908-846803641.jpg'),(18,30,'Для меня персонажи — это почти как друзья: я их слушаю, замечаю, добавляю щепотку света и теней.\r\nИногда это фан-арт, иногда — чистая выдумка. Но каждый из них говорит голосом, который я слышу.\r\nЯ рисую, как будто записываю историю — только не словами, а цветом.','https://ru.pinterest.com/','approved','/uploads/apply_1748722462144-793844631.jpg'),(19,31,'Я просто люблю рисовать карандашом. Без планшета, без слоёв, без ctrl+z. Иногда выходит криво, иногда — живо.\r\nНачала недавно, учусь на своих ошибках и чужих набросках. Бумага — это как маленький дневник, в который ты никого не пускаешь… пока вдруг не захочется.','https://ru.pinterest.com/','approved','/uploads/apply_1748722506181-440273817.jpg'),(20,32,'У меня в голове живёт слишком много персонажей. Некоторые вымышленные, некоторые фанатские.\r\nРисую лица, потому что через них проще всего говорить. Иногда это просто портрет, иногда — часть сцены, которую я не успел записать словами.\r\nЛюблю странные цвета, свет, что светит \"не откуда надо\", и людей, у которых есть секрет.','https://ru.pinterest.com/','approved','/uploads/apply_1748722559421-980936993.jpg'),(21,33,'Я выросла на бумаге. Карандаш, уголь, гипс, натура, — всё как учили. Папки с набросками, запах ластика, грязные пальцы. Но однажды планшет оказался не таким страшным.\r\nТеперь я учусь по-новому: цвета, слои, свет, который можно двигать.\r\nDigital для меня не замена, а продолжение руки. И я всё ещё рисую, как будто сижу у окна и рядом пачка бумаги. Просто теперь — в другой плоскости.','https://ru.pinterest.com/','approved','/uploads/apply_1748722611863-234216538.jpg'),(22,34,'Каждый мой рисунок — это сотни крошечных квадратов, которые почему-то собираются в человека.','https://ru.pinterest.com/','approved','/uploads/apply_1748722659289-961868655.jpg'),(23,35,'Рисую, как дышу. То, что вижу, то, что чувствую, то, что придумала вчера и забыла сегодня. В моих работах — люди, настоящие или не очень. Они любят, скучают, курят, танцуют, смотрят в кадр и за него.\r\nЛюблю играть со светом, текстурами, цветами, но самое главное для меня — характер. Даже у тени на лице должен быть характер.\r\nМне интересно не просто нарисовать кого-то. Мне важно, чтобы он остался. Пусть даже в одном кадре.','https://ru.pinterest.com/','approved','/uploads/apply_1748722711964-233971679.jpg'),(24,36,'Мне ближе молчаливые истории. В них больше воздуха. Я рисую не людей, а их следы.\r\nИногда в голове возникает кадр, и я не знаю, что он значит. Но если он не уходит — я его рисую.\r\nМои работы — как пауза перед фразой. И, может быть, тебе захочется её закончить.','https://ru.pinterest.com/','approved','/uploads/apply_1748722755402-377141079.jpg'),(25,37,'Я только начинаю. Учусь ловить черты, свет, пропорции, но больше всего — настроение. Пока выходит не всегда так, как в голове, но иногда — даже лучше.\r\nХочу научиться рисовать людей не просто \"похожими\", а живыми. Чтобы в глазах было что-то настоящее, а не просто блик.\r\nЛюблю портреты за то, что это как маленький разговор без слов. Надеюсь, со временем мои рисунки тоже начнут говорить.','https://ru.pinterest.com/','approved','/uploads/apply_1748722799838-14864673.jpg'),(26,38,'Мне сложно рисовать людей. Зато легко — их тени, их комнаты, их окна и города.\r\nЯ только учусь — линии дрожат, перспектива упрямая, но мне нравится момент, когда фон оживает. Когда ты рисуешь просто скамейку, а она вдруг становится частью истории.\r\nЯ не знаю, как будет выглядеть мой стиль через год. Но сейчас он пахнет деревом, дождём и вечерним светом из окна.','https://ru.pinterest.com/','approved','/uploads/apply_1748722839124-289891497.jpg'),(27,79,'Привет! Меня зовут Лея, я цифровой художник и исследователь света в портретной живописи. В своих работах я стремлюсь передать тонкое психологическое напряжение через резкие цветовые контрасты и мягкую пластичность форм. Мои персонажи — это не просто лица, а отражения состояний, которые сложно выразить словами: тревога, отрешенность, влечение, момент до или после поступка. Меня вдохновляет то, как цвет может заменить эмоцию, а тень — мысль.','https://t.me/janaStepanova','approved','/uploads/apply_1749199722353-33829953.jpg'),(28,81,'У меня никогда не было художественного образования. Я просто много смотрю, чувствую и иногда не выдерживаю — тогда беру планшет или ручку.','https://tg.me/JanaStepanova','approved','/uploads/apply_1750085098012-533810022.jpg');
/*!40000 ALTER TABLE `artists` ENABLE KEYS */;
UNLOCK TABLES;

--
-- Table structure for table `artwork`
--

DROP TABLE IF EXISTS `artwork`;
/*!40101 SET @saved_cs_client     = @@character_set_client */;
/*!50503 SET character_set_client = utf8mb4 */;
CREATE TABLE `artwork` (
  `ArtworkID` int NOT NULL AUTO_INCREMENT,
  `ArtistID` int NOT NULL,
  `Title` varchar(100) NOT NULL,
  `Description` text,
  `ImagePath` varchar(255) DEFAULT NULL,
  `UploadDate` datetime NOT NULL DEFAULT CURRENT_TIMESTAMP,
  `Tags` text,
  `IsApproved` tinyint(1) NOT NULL DEFAULT '0',
  `IsVisible` tinyint DEFAULT '1',
  PRIMARY KEY (`ArtworkID`),
  KEY `ArtistID` (`ArtistID`),
  CONSTRAINT `artwork_ibfk_1` FOREIGN KEY (`ArtistID`) REFERENCES `artists` (`ArtistID`) ON DELETE CASCADE
) ENGINE=InnoDB AUTO_INCREMENT=162 DEFAULT CHARSET=utf8mb4 COLLATE=utf8mb4_0900_ai_ci;
/*!40101 SET character_set_client = @saved_cs_client */;

--
-- Dumping data for table `artwork`
--

LOCK TABLES `artwork` WRITE;
/*!40000 ALTER TABLE `artwork` DISABLE KEYS */;
INSERT INTO `artwork` VALUES (27,7,'«Вслух — глазами»','Портрет, где всё держится на взгляде. Она не смотрит на тебя, но ощущение — как будто знает, что ты тут.','/uploads/req_1748713538086-776439592.jpg','2025-05-31 20:47:25',NULL,1,1),(28,7,'«Между светом и кожей»','Силуэт, окружённый вспышкой. Как будто внутри что-то горит, но сам он молчит. Спокойствие в лице, контраст внутри. ','/uploads/req_1748713538087-598825289.jpg','2025-05-31 20:47:25',NULL,1,1),(29,7,'«Лица на паузе»','Ближе к классике. Свет скользит по коже, взгляд уходит вбок — будто что-то увидел и отвлёкся. Есть движение, но очень мягкое. ','/uploads/req_1748713538088-122424275.jpg','2025-05-31 20:47:25',NULL,1,1),(30,7,'«Контуры тишины»','Этот портрет будто кадр из сериала — та сцена, где герой просто молчит. Что-то очень личное, будто она думает о чём-то своём, но не против, если ты рядом.','/uploads/req_1748713538089-205482924.jpg','2025-05-31 20:47:25',NULL,1,1),(31,7,'«Смотрят, но не зовут»','Классический разворот головы. Немного киношная сцена — как будто он что-то услышал, обернулся, замер.','/uploads/req_1748713538090-164297462.jpg','2025-05-31 20:47:25',NULL,1,1),(32,7,'«Они не знают, что мы смотрим»','Один из тех портретов, где важнее не то, что на лице, а то, что за ним. Взгляд не ищет зрителя, он проходит мимо — но именно этим цепляет. Цвета — густые, как вечер. Свет — осторожный. Кажется, персонаж что-то уже понял, но не сказал. Или не успел.','/uploads/req_1748713538092-373213202.jpg','2025-05-31 20:47:25',NULL,1,1),(33,7,'«Без слов»','Иногда эмоции прячутся не в глазах, а в жестах. Эта работа — про тишину, про попытку собрать себя. Свет мягко касается лица, как будто боясь нарушить мысль. ','/uploads/req_1748713538093-950755897.jpg','2025-05-31 20:47:25',NULL,1,1),(34,7,'«Пока светит экран»','Лёгкий, спокойный портрет. Мягкие тени, простые формы, приглушённые оттенки — всё работает на одно чувство: тишина. Он будто стоит у окна, где солнце не яркое, а обволакивающее. Взгляд в сторону не случайный, а сосредоточенный. ','/uploads/req_1748713538093-893011365.jpg','2025-05-31 20:47:25',NULL,1,1),(35,7,'Смотрящий сверху','Он не герой. И не злодей. Он просто знает больше, чем ты.\r\nВ этом взгляде — холод, усталость, и уверенность в том, что вопросы не уместны. Свет не мягкий, тени чёткие, как в тронном зале.','/uploads/art_1748725755558-329651179.jpg','2025-06-01 00:09:15',NULL,1,1),(36,7,'Дом внизу','Ты не знаешь, кто там живёт. Только дым, что поднимается, говорит — кто-то есть.\r\nДом кажется игрушечным на фоне этих деревьев. Тропинка — хрупкая, как будто может исчезнуть, если не смотреть.','/uploads/art_1748725831591-663158964.jpg','2025-06-01 00:10:31',NULL,1,1),(37,10,'NAMETAG','Это первая визуальная формулировка идеи проекта — имя, застрявшее в сети.\r\nПаутина символизирует как соединённость между персонажами, так и ловушку идентичности, из которой каждый пытается выбраться.\r\nЦвет — кислотно-зелёный, как напоминание о сбое в системе. Это логотип не для комфорта — а для ощущения движения в чём-то опасном.','/uploads/art_1748726171393-580573369.jpg','2025-06-01 00:16:11',NULL,1,1),(38,10,'NT','Минималистичный знак-сигнатура. Он читается как инициал, как графическая фиксация понятия «NAMETAG», но без навязывания смысла.','/uploads/art_1748726208155-53728007.jpg','2025-06-01 00:16:48',NULL,1,1),(39,10,'Поток','Тут я начал связывать персонажей с энергией. Силой, которая течёт, когда ты надеваешь свой \"тег\".\r\nФорма органическая, текучая, почти как оживший интерфейс.\r\nДобавил QR — чтобы уже сейчас был эффект вовлечения. Это про встречу с проектом не в будущем, а уже в настоящем.','/uploads/art_1748726243229-906482630.jpg','2025-06-01 00:17:23',NULL,1,1),(40,10,'Глаз сущности','Эксперимент с симметрией и метафорой баланса.\r\nЭто существо не имеет пола, роли, имени — оно просто смотрит.\r\nТут начинается разговор про наблюдение за тобой — до того, как ты сам себя определил.','/uploads/art_1748726277755-23800360.jpg','2025-06-01 00:17:57',NULL,1,1),(41,10,'UrSin','Нежный стиль с намёком на пузырьки, лёгкость, но с поддразнивающим выражением.\r\nЭто персонаж, который выглядит милым — пока не начнёт действовать.','/uploads/art_1748726310186-180529684.jpg','2025-06-01 00:18:30',NULL,1,1),(42,10,'eClipse','Это игра с контрастами: шрифт будто светит, но поглощён чернотой.\r\nОчень важный для меня элемент проекта, потому что eclipse — это поворотный момент для каждого персонажа.','/uploads/art_1748726347467-518642029.jpg','2025-06-01 00:19:07',NULL,1,1),(43,10,'Rebellion','Тут я экспериментировал с бунтом не как действием, а как визуальной формой.\r\nСломанные буквы, подчёркивание углом, резкость — всё должно казаться рвущимся.','/uploads/art_1748726377776-563780693.jpg','2025-06-01 00:19:37',NULL,1,1),(44,8,'Просто вместе','Это про те дружбы, которые случаются не специально — просто в какой-то момент вы оказались по одну сторону улицы.','/uploads/art_1748727227261-591835109.jpg','2025-06-01 00:33:47',NULL,1,1),(45,8,'Красное, как характер','У неё взгляд «я в курсе, что ты на меня смотришь».\r\nРога — не главное. Главное, что она может в тишине сводить с ума.','/uploads/art_1748727263945-571196475.jpg','2025-06-01 00:34:23',NULL,1,1),(46,8,'Коты. Просто коты','Никаких сверхсюжетов. Только котики','/uploads/art_1748727303474-194551969.jpg','2025-06-01 00:35:03',NULL,1,1),(47,8,'Квак!','Это лягушка. Она ничего не объясняет. Просто сидит и улыбается.\r\nХочешь — делай стикер. Хочешь — медитируй. Но знай: она знает больше, чем выглядит.','/uploads/art_1748727338433-597382335.jpg','2025-06-01 00:35:38',NULL,1,1),(48,8,'Добер с характером','Это Дог. Он вроде бы грозный и держит \"оружие\", но если приглядеться — оружие игрушечное. Просто позирует. На самом деле он — за мир, но стиль уважает.','/uploads/req_1748726861531-360224195.jpg','2025-06-01 00:36:51',NULL,1,1),(49,8,'Тигр и скейт','А вот это — Тигра, местная звезда скейтпарка. Никогда не падает, всегда с наушниками. Энергия у него как апельсин — яркая, сладкая и немного дерзкая. Рисовала его, когда захотелось чего-то активного и простого одновременно.','/uploads/req_1748726861532-164143225.jpg','2025-06-01 00:36:51',NULL,1,1),(50,8,'Цветочная Зая','Зайка просто вышла прогуляться. У неё нет миссии, только лёгкое настроение и любимое платье в горошек. Обожаю рисовать такие штуки — когда просто хочется улыбнуться. ','/uploads/req_1748726861537-5224522.jpg','2025-06-01 00:36:51',NULL,1,1),(51,8,'Кот-ведун','Это Котя — ученица ведьмы, пока что на практике. Метла ещё не слушается, но старается. Нарисовала для души, вдохновившись атмосферой Ghibli и зелёным чаем.','/uploads/req_1748726861538-191176666.jpg','2025-06-01 00:36:51',NULL,1,1),(52,8,'Крыска','Этот парень — не особо оратор. Пиво, сигарета, и взгляд, который говорит \"мне норм\". Есть у меня слабость к таким антигероям. Рисовался за ночь и под музыку.','/uploads/req_1748726861539-473704014.jpg','2025-06-01 00:36:51',NULL,1,1),(53,8,'Геккон-директор','Зовут его Георгий. Он — директор. У него галстук и трость. Почему? Потому что да. Хотелось сделать максимально вежливого ящера, который, возможно, скажет \"мм, отчёт до среды?\".\r\nДаже монстры бывают приличными.','/uploads/req_1748726861541-333196296.jpg','2025-06-01 00:36:51',NULL,1,1),(54,11,'«Метка»','Минимализм с акцентом на детали','/uploads/req_1748732143116-494670450.jpg','2025-06-01 01:58:57',NULL,1,1),(55,11,'«Готов к фото»','Белый кот смотрит прямо. Чисто и просто — почти как официальное фото.','/uploads/req_1748732143116-622862232.jpg','2025-06-01 01:58:57',NULL,1,1),(56,11,'«Осторожность»','Оленёнок в настороженной позе. Спокойствие и тревога в одном взгляде.','/uploads/req_1748732143117-758831637.jpg','2025-06-01 01:58:57',NULL,1,1),(57,11,'«Тишина крыльев»','Ворон в полёте на фоне блеклого неба','/uploads/art_1748732931205-527091486.jpg','2025-06-01 02:08:51',NULL,1,1),(58,11,'«Сон под солнцем»','Рыжий кот, спящий в складке пледа. Это не просто уют — это доверие.','/uploads/art_1748732967327-586879828.jpg','2025-06-01 02:09:27',NULL,1,1),(59,11,'«Совет крысок»','Наброски смешных крысок','/uploads/art_1748733043668-294292135.jpg','2025-06-01 02:10:43',NULL,1,1),(60,11,'«Медуза»','Абстрактная грация природы. Свет, прозрачность, тишина. Почти живая живопись.','/uploads/art_1748733072042-404750196.jpg','2025-06-01 02:11:12',NULL,1,1),(61,11,' «Начало формы»','Этюд с котёнком. Простая форма, но с вниманием к пластике и пропорции.','/uploads/art_1748733095328-382364547.jpg','2025-06-01 02:11:35',NULL,1,1),(62,11,'«Наброски существ»','Лист из скетчбука. Наблюдение и фантазия одновременно.','/uploads/art_1748733128537-812998395.jpg','2025-06-01 02:12:08',NULL,1,1),(63,11,'«Внимание»','Портрет моей кошки. Свет поставлен как в академическом этюде. Поза живая.','/uploads/art_1748733184874-338954352.jpg','2025-06-01 02:13:04',NULL,1,1),(64,11,'«Верность»','Портрет собаки с рефлексами света. Почти кинематографично.','/uploads/art_1748733260577-198847087.jpg','2025-06-01 02:14:20',NULL,1,1),(65,11,'«Комфорт»','Очень домашняя сцена — котёнок на пледе.','/uploads/art_1748733326407-356592923.jpg','2025-06-01 02:15:26',NULL,1,1),(66,11,'«Игра»','Движение котенка во время игры','/uploads/art_1748733374075-338994294.jpg','2025-06-01 02:16:14',NULL,1,1),(67,11,'«Выпад»','Чёрный кот в момент агрессии. Цвет и поза добавляют драматургии.','/uploads/art_1748733398197-920328486.jpg','2025-06-01 02:16:38',NULL,1,1),(68,9,'«Дом, в который нельзя вернуться»','Горящий дом. Огонь живой, пульсирующий.\r\nЭто не просто пожар — это точка невозврата. Всё, что было — осталось в пепле.','/uploads/art_1748734783327-48629094.jpg','2025-06-01 02:39:43',NULL,1,1),(69,13,'«Овечка»','Мальчик-пастушенок и овцой.\r\nЧуть детская иллюстрация, но со взрослой тоской внутри.','/uploads/art_1748735699037-427381961.jpg','2025-06-01 02:54:59',NULL,1,1),(70,13,'«Шире»','Насыщенный цвет, резкий жест','/uploads/art_1748735754099-103595879.jpg','2025-06-01 02:55:54',NULL,1,0),(71,13,'«Русалка»','Красивая и жуткая одновременно.','/uploads/art_1748735807281-352790019.jpg','2025-06-01 02:56:47',NULL,1,1),(72,13,'«В обломках»','Для кого-то - трагедия, а для подводных жителей - новый дон','/uploads/art_1748735906022-445926809.jpg','2025-06-01 02:58:26',NULL,1,1),(73,14,'«Локи: вспышка»','Фан-арт на Локи, но не как злодея. Я хотел показать его в момент принятия силы.\r\nСвет — почти как вода, он не просто освещает, он проникает.','/uploads/art_1748736410706-959074477.jpg','2025-06-01 03:06:50',NULL,1,1),(74,14,'«Структура»','Учебные повороты головы. Но в этом есть что-то большее.','/uploads/art_1748736445259-918353776.jpg','2025-06-01 03:07:25',NULL,1,1),(75,15,'«Шторми» (Winx Club)','Энергия молнии.\r\nПозади нет фей — только сила, взгляд и напряжённый фон.\r\nЯ всегда считал её недооценённой. И показал как настоящую.','/uploads/art_1748737356250-514310207.jpg','2025-06-01 03:22:36',NULL,1,1),(76,15,' «На вышке»','Оригинальный образ, пропитанный атмосферой 80-х.\r\nСолнечный свет, поза, взгляд — всё кричит о самоуверенности, но без агрессии.','/uploads/art_1748737382508-825600838.jpg','2025-06-01 03:23:02',NULL,1,1),(77,15,'«Внутри себя»','Оригинальный персонаж. Сдержан, почти замкнут, но в глазах — внимательность.\r\nСпокойная палитра подчёркивает характер: он не говорит, он смотрит.','/uploads/art_1748737406397-818874539.jpg','2025-06-01 03:23:26',NULL,1,1),(78,15,'«Мерси» (Overwatch)','Яркая, светлая, почти божественная.\r\nЭто не боевая сцена, а момент доверия. Ангел, который знает, что его выбор — не всегда про доброту.','/uploads/art_1748737437860-546417181.jpg','2025-06-01 03:23:57',NULL,1,1),(79,15,'«Лололошка»','Фан-арт по стримеру. Весёлый и дерзкий.\r\nДля меня это — образ подростковой свободы.\r\n\r\n','/uploads/art_1748737482869-828096931.jpg','2025-06-01 03:24:42',NULL,1,1),(80,15,'«Перелом»','Оригинальный персонаж. Не из мира, а внутри себя.','/uploads/art_1748737522922-982714133.jpg','2025-06-01 03:25:22',NULL,1,1),(81,16,'«Фиолетовый вечер»','Она знает, что её видят, но не спешит играть роль.\r\nФиолетовый фон делает образ мягким, почти интимным.','/uploads/art_1748737631474-303593445.jpg','2025-06-01 03:27:11',NULL,1,1),(82,16,'«Разворот»','Классическая поза, но с характером.\r\nДевушка на фоне румяного света. Чистота образа подчёркивает внутреннюю стойкость.','/uploads/art_1748737659558-509297395.jpg','2025-06-01 03:27:39',NULL,1,1),(83,16,'«Тёплая геометрия»','Ритм: свитер, воротник, пряди. Всё просто, но выверено.\r\nВзгляд с прищуром — не вызов, но как будто проверка','/uploads/art_1748737691837-652705957.jpg','2025-06-01 03:28:11',NULL,1,1),(84,16,'«В полутени»','Сильный силуэт, свет как резец.\r\nОн будто слушает, но напряжён — что-то не даёт покоя.\r\nКомпозиция построена на тишине перед действием. Почти кадр из фильма.','/uploads/art_1748737716067-148126841.jpg','2025-06-01 03:28:36',NULL,1,1),(85,17,'«Там, где тише»','Девушка, глаза закрыты, вокруг — рыбы, как мысли.\r\nЭто не о снах — это про ту редкую тишину, которую ловишь внутри.\r\nВсё плавное, всё медленное, всё твоё.','/uploads/art_1748737831388-145276625.jpg','2025-06-01 03:30:31',NULL,1,1),(86,17,'«Огонь в ладони»','Рыжая ведьма, но не угрожающая. Скорее — мудрая.\r\nОна не колдует, она просто знает.\r\nЭтот огонь — не для боя, а чтобы не потеряться в темноте.','/uploads/art_1748737852043-165408512.jpg','2025-06-01 03:30:52',NULL,1,1),(87,17,'«Белый»','Медведь в шарфе, стоящий прямо, почти по-человечески.\r\nВ его позе — достоинство. Это не милота. Это зима, которой не страшно.\r\nПростой, добрый, как друг, который говорит мало, но всегда рядом.','/uploads/art_1748737883211-484871680.jpg','2025-06-01 03:31:23',NULL,1,1),(88,17,'«Под плащом»','Огонь, лес, двое под одним покрывалом.\r\nТут не нужно диалогов — всё уже сказано жестом.\r\nЭто рисунок про заботу, которая тише слов.','/uploads/art_1748737905381-829849900.jpg','2025-06-01 03:31:45',NULL,1,1),(89,17,'«Расскажи»','Две подруги на траве: одна слушает, другая рассказывает, глядя в небо.\r\nВсё в кадре — живое. Даже свет.\r\nЭти двое не просто рядом — они в одном настроении.','/uploads/art_1748737931207-384639000.jpg','2025-06-01 03:32:11',NULL,1,1),(90,17,'«Солнце, лимонад и мы»','Кадр про счастье без повода.\r\nЛетняя жара, шутка, прозрачные очки, глоток чего-то кислого.\r\nЛегко, весело и немного дерзко. Как воспоминание, которое греет в ноябре.','/uploads/art_1748737958986-262204046.jpg','2025-06-01 03:32:38',NULL,1,1),(91,18,'«Два луча»','Близнецы, свет, палочка.\r\nЭто не просто волшебство, это момент, когда ты — не один.\r\nЯркий портрет про связь, которую видно даже в тишине.','/uploads/art_1748738222660-566580738.jpg','2025-06-01 03:37:02',NULL,1,1),(92,18,' «Она держит свет»','Тень, спина, свечение в ладонях.\r\nОна не позирует, она знает, что делает.\r\nЭто магия, но спокойная, не демонстративная. Взрослая.','/uploads/art_1748738256201-408131473.jpg','2025-06-01 03:37:36',NULL,1,1),(93,18,'«Рядом»','Два парня. Они будто в разных мирах, но вместе.','/uploads/art_1748738292834-381875825.jpg','2025-06-01 03:38:12',NULL,1,1),(94,18,'«Ботаника»','Юный натуралист, показывающий рисунки.\r\nОчень светлый кадр: и по цвету, и по настроению.\r\nОн не делает это напоказ. Он просто делится.','/uploads/art_1748738318338-541843237.jpg','2025-06-01 03:38:38',NULL,1,1),(95,18,'«Уши на месте»','Весёлый, живой портрет.\r\nОна уверена в себе, и это чувствуется — в жесте, в улыбке, в тоне.\r\nКошачья тема здесь не декоративна, а как характер.','/uploads/art_1748738342147-114739652.jpg','2025-06-01 03:39:02',NULL,1,1),(96,19,'«Лист лиц»','Наброски, штрих, жесты.\r\nКаждое лицо здесь — это не персонаж, а упражнение в наблюдательности.\r\nРазные типажи, ракурсы, волосы.','/uploads/art_1748738409470-687148955.jpg','2025-06-01 03:40:09',NULL,1,1),(97,19,'«Рога и сердце»','Мягкий графический портрет.\r\nОна улыбается спокойно, но сдержанно.\r\nРога, ушки, сердечко на щеке — всё вроде бы фэнтези, но выполнено с уважением к форме.\r\nПочти как иллюстрация к визуальной новелле.','/uploads/art_1748738434839-188259901.jpg','2025-06-01 03:40:34',NULL,1,1),(98,9,'«Он всё ещё здесь»','Существо в лесу, чёрный силуэт с глазами, которые будто бы смотрят сквозь зрителя.\r\nНеважно, кто он. Главное — ты его уже видел. Возможно, во сне.','/uploads/req_1748734744495-281981388.jpg','2025-06-01 03:44:07',NULL,1,1),(99,9,'«Ведущая»','Силуэт женщины и ребёнка, уходящих в багровый лес.\r\nЭто не прогулка. Это переход. Кто из них ведёт — неизвестно.','/uploads/req_1748734744496-204414076.jpg','2025-06-01 03:44:07',NULL,1,1),(100,9,'«Спичка»','Парень с горящей спичкой. Единственный источник света — его спичка.\r\nОн смотрит не на пламя, а куда-то дальше. Он ищет или уже нашел. Или нашли его..','/uploads/req_1748734744497-442799097.jpg','2025-06-01 03:44:07',NULL,1,1),(101,9,'«Старая маска»','Лицо, скрытое за чем-то наполовину гниющим, наполовину инородным.\r\nЭто не грим и не защита. Это — остаток от кого-то, кто был человеком.','/uploads/req_1748734744497-499713210.jpg','2025-06-01 03:44:07',NULL,1,1),(102,9,'«Красная»','Фигура в красном плаще идёт вглубь леса.\r\nВолк не прячется — он просто есть. Это старая сказка, но без морали.\r\nТы не узнаешь, чем она закончилась.','/uploads/req_1748734744498-532765451.jpg','2025-06-01 03:44:07',NULL,1,1),(103,9,'«Слишком поздно»','Женщина с ранами, потрясением и невыразимым ужасом.\r\nЭто не начало страха, а его финал. Момент, когда осознание догнало.','/uploads/req_1748734744499-888185272.jpg','2025-06-01 03:44:07',NULL,1,1),(104,15,'«Скай» (Paw Patrol — хуманизация)','Спокойная, собранная. Человек, который делает своё дело хорошо и не ждёт аплодисментов.','/uploads/req_1748737320306-262004149.jpg','2025-06-01 03:44:14',NULL,1,1),(105,15,'«Чейз» (Paw Patrol — хуманизация)','Полицейский не по форме, а по натуре.\r\nУравновешенный, внимательный, немного старше остальных.\r\nОн не лидер, он — основа группы.','/uploads/req_1748737320307-536218939.jpg','2025-06-01 03:44:14',NULL,1,1),(106,15,'«Маршал» (Paw Patrol — хуманизация)','Самый живой. Рисовался с улыбкой на лице.\r\nКрасный, громкий, с искренностью подростка, которому доверили костюм супергероя.','/uploads/req_1748737320308-478095614.jpg','2025-06-01 03:44:14',NULL,1,1),(107,15,'«Рокки» (Paw Patrol — хуманизация)','Ближе, тише, глубже.\r\nОн будто бы уже многое видел. Зеленый фон — символ ясности, но в глазах — усталость.\r\nХуманизация, которая вышла за рамки мультяшного образа.','/uploads/req_1748737320309-431977584.jpg','2025-06-01 03:44:14',NULL,1,1),(108,15,'«Крепыш» (Paw Patrol — хуманизация)','Пожалуй, моя любимая интерпретация.','/uploads/req_1748737320310-685243098.jpg','2025-06-01 03:44:14',NULL,1,1),(109,15,'«Зума» (Paw Patrol — хуманизация)','Умный, спокойный, рациональный.\r\nОранжевая палитра.','/uploads/req_1748737320310-602489872.jpg','2025-06-01 03:44:14',NULL,1,1),(110,14,'«Мягкая линия»','Набросок, который остался. Лицо чуть усталое, но живое.\r\nЯ не хотел его заканчивать. Он и так дышал.','/uploads/req_1748736369039-268263547.jpg','2025-06-01 03:44:20',NULL,1,1),(111,14,'«Наблюдатель»','Лёгкий штрих, классическая подача. Он будто из фильма 60-х.\r\nНемного иронии в лице — будто знает, что его рисуют.','/uploads/req_1748736369041-146688451.jpg','2025-06-01 03:44:20',NULL,1,1),(112,14,'«Профиль»','Сильная линия подбородка, ровная осанка.\r\nПортрет без эмоции, но с уважением. Он просто есть. И этого достаточно.','/uploads/req_1748736369042-229967399.jpg','2025-06-01 03:44:20',NULL,1,1),(113,14,'«Увидеть кадр»','Она тоже ловит момент. А ее уловила ее в этот момент','/uploads/req_1748736369043-905228135.jpg','2025-06-01 03:44:20',NULL,1,1),(114,14,'«Линия»','Молодой, светлый, немного уязвимый.\r\nМне важен был поворот головы. Там всё: и усталость, и нежность.','/uploads/req_1748736369044-260098293.jpg','2025-06-01 03:44:20',NULL,1,1),(115,14,'«Звук»','Певец на сцене. Я не знаю, что он поёт — но точно знаю, что в этот момент он свободен.\r\nЭто про силу, которая в теле, не в голосе.','/uploads/req_1748736369045-915935553.jpg','2025-06-01 03:44:20',NULL,1,1),(116,14,'«Вода»','Он один. В помещении — неясном, почти пустом.\r\nНо свет, вода, кожа — всё говорит: этот кадр важен.','/uploads/req_1748736369046-791925595.jpg','2025-06-01 03:44:20',NULL,1,1),(117,13,'«У ворот»','Она будто застала нас в момент между мирами.\r\nЛес, тории, фонарь — всё знакомое, но не наше.\r\nЭто кадр перед тем, как всё начнётся.','/uploads/req_1748735656152-573106666.jpg','2025-06-01 03:44:23',NULL,1,1),(118,13,'«Костёр»','Мальчик и огонь. Простой сюжет, но в позе — уязвимость.\r\nСвет играет на ногах, а лес будто слушает. Это не страшно. Это спокойно.','/uploads/req_1748735656153-136167016.jpg','2025-06-01 03:44:23',NULL,1,1),(119,13,'«Глубина»','Сцена под водой. Мы не видим лицо русала.\r\nЗато видим его взгляд. Это не встреча. Это наблюдение.','/uploads/req_1748735656155-357563605.jpg','2025-06-01 03:44:23',NULL,1,1),(120,13,'«Тайная вода»','Рисунок о бережности — как держать что-то чудесное, не разрушая его.','/uploads/req_1748735656155-472993136.jpg','2025-06-01 03:44:23',NULL,1,1),(121,13,'«Светлячки»','Лицо в темноте, и крылья бабочки — как метафора внутреннего света.\r\nЭто не фэнтези, это чувство перед вдохом.','/uploads/req_1748735656157-623172848.jpg','2025-06-01 03:44:23',NULL,1,1),(122,13,'«Дом, в котором»','Комната, друзья, огонь. Кажется — просто сцена, но в ней столько тепла, уюта и неозвученных фраз.\r\nЭто одна из самых настоящих магий — когда рядом.','/uploads/req_1748735656158-310566981.jpg','2025-06-01 03:44:23',NULL,1,1),(123,12,'«Закатный разговор»','Она села на самый верх лестницы, просто потому что могла. Сказала что-то смешное.\r\nЯ успел запомнить именно это выражение — спокойное и уверенное.\r\nСвет — тёплый, как её голос.','/uploads/req_1748735233329-209221476.jpg','2025-06-01 03:44:27',NULL,1,1),(124,12,'«Фотокарточка»','Рисовал по старой фотке, но перед глазами стояло не лицо, а чувство: как с ней легко.\r\nСердечки тут не декоративны.','/uploads/req_1748735233330-235315771.jpg','2025-06-01 03:44:27',NULL,1,1),(125,12,' «Солнце с плеч»','Мы гуляли, и он повернулся к камере просто так — без позы.\r\nВесь свет того утра, кажется, застрял у него на лице.','/uploads/req_1748735233332-246520783.jpg','2025-06-01 03:44:27',NULL,1,1),(126,12,'«Пауза»','На этом портрете я не просила повернуться — он просто смотрел. Без защиты, без шутки.\r\nФон я выбрал намеренно: он такой же честный.','/uploads/req_1748735233333-722632138.jpg','2025-06-01 03:44:27',NULL,1,1),(127,12,'«Одуванчики»','Ничего символичного. Просто однажды он пришел с полными руками цветов.\r\nСейчас — просто держу этот момент.','/uploads/req_1748735233334-474560737.jpg','2025-06-01 03:44:27',NULL,1,1),(128,12,'«Фиолетовое дыхание»','В этом свете она казалась мультипликационной — но я-то знаю, как она на самом деле светится.\r\nГлубина и лёгкость в одном взгляде.\r\nРисовал с улыбкой — по-другому не получалось.','/uploads/req_1748735233334-746851146.jpg','2025-06-01 03:44:27',NULL,1,1),(129,20,'«Прямо»','Простой портрет с зелёными волосами.\r\nФон — апельсиновый, как контраст к уверенности в лице.\r\nОна не герой истории. Она — начало.','/uploads/art_1748739183079-700644801.jpg','2025-06-01 03:53:03',NULL,1,1),(130,20,'«Сталь и кожа»','Профиль. Грубые браслеты, волосы, полутень.\r\nЗдесь всё про силу, которая не нуждается в доказательствах.','/uploads/art_1748739213137-802489334.jpg','2025-06-01 03:53:33',NULL,1,1),(131,20,'«Трекер»','Хорошо сбалансированный дизайн: одежда, поза, ботинки.\r\nПерсонаж кажется функциональным, как будто уже готов для гейм-дизайна.','/uploads/art_1748739249129-708013748.jpg','2025-06-01 03:54:09',NULL,1,0),(132,21,'«Журавль»','Цифровая работа, вдохновлённая оригами.\r\nБумажная фигура без окружения, на спокойном фоне, отбрасывает лёгкую тень.\r\nЭто не просто объект — это тренировка света, объёма и чистоты формы.','/uploads/art_1748739379406-774281471.jpg','2025-06-01 03:56:19',NULL,1,1),(133,21,'«Яблоко»','Классическая постановка: красный предмет на нейтральной поверхности.\r\nНо здесь интересен не объект, а то, как передан материал.','/uploads/art_1748739411221-552579760.jpg','2025-06-01 03:56:51',NULL,1,1),(134,21,'«Взгляд»','Портрет выполнен линией, с минимальной проработкой объёма — кроме глаз.\r\nТам тень, там плотность, там внимание.\r\nОн строгий, чуть греческий, и будто бы не закончен — но как бы сам решил остановиться на этом этапе.','/uploads/art_1748739444155-25472916.jpg','2025-06-01 03:57:24',NULL,1,1),(135,22,'«Холодный красный»','Пиксельный портрет в жёсткой палитре: красный, чёрный, чуть серого.\r\nВ образе — что-то от нуарного антигероя: усталость, напряжение и опасная харизма.\r\nМинимализм подчёркивает эмоцию, делает её кинематографичной.','/uploads/art_1748739580561-771292485.jpg','2025-06-01 03:59:40',NULL,1,1),(136,22,'«Отсек 3: Не включать»','Сцена в стиле ретро-инди: лаборатория, резервуар с существом, разбитый экран.\r\nЦвета сдержанные, читаемость отличная — будто бы уже часть пиксельной игры.\r\nГлавный герой с сумкой — явно не охранник. Скорее беглец или нарушитель.','/uploads/art_1748739611250-739116012.jpg','2025-06-01 04:00:11',NULL,1,1),(137,23,'«Тот, кто в красном»','В нём не реальность — в нём образ.\r\n','/uploads/art_1748739896889-339982451.jpg','2025-06-01 04:04:56',NULL,1,1),(138,23,'«Лесной сигнал»','Оленьи рожки, бледные цвета, воздушность.\r\nПерсонаж или фэнтезийная проекция.\r\nЗдесь форма важнее реализма. Этот портрет — не человек. Это — идея.','/uploads/art_1748739918687-928506960.jpg','2025-06-01 04:05:18',NULL,1,1),(139,23,'«В паре»','Пара в полумраке: один защищает, другой доверяет.\r\nЕсть в этом что-то от классических историй — детектива, боевика, шпионского триллера.\r\nНо самое главное — контакт между двумя. Они — не герои. Они — вместе.','/uploads/art_1748739946148-883589428.jpg','2025-06-01 04:05:46',NULL,1,1),(140,23,'«Лейкопластырь»','Парень с пластырями на лице и конфеткой.','/uploads/art_1748739991530-876743548.jpg','2025-06-01 04:06:31',NULL,1,1),(141,23,'«Контур»','Монохромный профиль.\r\nРеалистичный, сдержанный — как кадр из этюда.\r\nВ нём тишина, строгость, попытка быть точным. И от этого — пронзительно живой.','/uploads/art_1748740015998-944148296.jpg','2025-06-01 04:06:56',NULL,1,1),(142,24,'«Тигр, лодка и никуда не спешим»','Я просто хотела нарисовать тигра. Но когда он оказался в лодке посреди моря — вдруг стал выглядеть таким уверенным, как будто знает, куда плывёт. Даже если на карте этого места нет.\r\nМне кажется, этот тигр — это мы все. Только молчаливее.','/uploads/art_1748740156592-650934424.jpg','2025-06-01 04:09:16',NULL,1,1),(143,24,'«Зимний дом, в котором кто-то живёт»','Сначала я просто хотела сделать красивый зимний пейзаж — но потом, когда добавила окошко с жёлтым светом, стало ясно: там кто-то есть.\r\nИ сразу стало тепло. Это одна из тех работ, где холод вокруг нужен только для того, чтобы заметить, как светло внутри.','/uploads/art_1748740192934-917225211.jpg','2025-06-01 04:09:52',NULL,1,1),(144,25,'«Свет скользит»','Я вечно залипаю на то, как тени ложатся на лицо — особенно если это тёплый свет сквозь листву или воду.\r\nТут не сюжет, тут просто момент. Он лежит, смотрит, и свет еле касается скулы.\r\nИногда этого достаточно, чтобы работа жила','/uploads/art_1748740254697-806862534.jpg','2025-06-01 04:10:54',NULL,1,1),(145,26,' «Подъезд. 16:44»','Ничего особенного — просто лестница и свет.\r\nНо знаешь, бывают такие вечера, когда заходишь в старый подъезд, и вдруг он выглядит... как декорация к какому-то инди-фильму.\r\nЯ просто попыталась поймать это ощущение.\r\nКогда всё будто на паузе, но ты точно не один.','/uploads/art_1748740317135-640070144.jpg','2025-06-01 04:11:57',NULL,1,1),(146,14,'«Вблизи»','Иногда я рисую людей не ради сходства, а чтобы зацепить состояние.\r\nЗдесь мне важен был не свет — а то, как он ложится.\r\nЭто такое спокойное лицо, почти без выражения, но в нём есть пауза. Как будто он что-то собирается сказать, но пока молчит.','/uploads/art_1748740543492-218463702.jpg','2025-06-01 04:15:43',NULL,1,1),(147,13,'«Течение»','Мне хотелось нарисовать момент, когда тебя тянут — и ты не знаешь, влюбляешься ли ты или тонешь.\r\nРусалка здесь не злодейка, она просто такая. В её мире всё происходит иначе.\r\nА этот парень… он уже не уверен, хочет ли дышать','/uploads/art_1748740644810-735630293.jpg','2025-06-01 04:17:24',NULL,1,1),(148,23,'«Ничего не происходит»','Курящая девушка, сидит, смотрит в сторону.\r\nЭто не кадр действия, это паузa, которая говорит больше слов.\r\nЦвета мягкие, поза уставшая — но это портрет живого человека.','/uploads/req_1748739847730-913235595.jpg','2025-06-01 04:17:43',NULL,1,1),(149,23,'«Ведьма»','Девушка с кулоном, рамка, лёгкий декоративный орнамент.','/uploads/req_1748739847732-395673836.jpg','2025-06-01 04:17:43',NULL,1,1),(150,23,'«Бант и холод»','Светлый взгляд, мягкий свитер, оттенки осени.\r\nЭтот образ — про простоту, но не наивность.\r\nКажется, она готова рассказать что-то важное, но только если спросишь.ц','/uploads/req_1748739847732-520941739.jpg','2025-06-01 04:17:43',NULL,1,1),(151,23,'«Звёздный парень»','Его не существует, но ты его точно знаешь.\r\nЭто тот, кто не боится быть собой. Даже если это слишком громко.','/uploads/req_1748739847733-313385092.jpg','2025-06-01 04:17:43',NULL,1,1),(152,20,'«Синий порог»','Это кадр за секунду до падения. И он уже знает что его ждет','/uploads/req_1748739135791-175639144.jpg','2025-06-01 04:17:46',NULL,1,1),(153,20,'«Сфера»','Один из самых атмосферных кадров.\r\nСвет не просто освещает — он формирует человека.\r\nЭто магия как внутренний акт: ты не наблюдаешь, ты проживаешь.','/uploads/req_1748739135792-330618208.jpg','2025-06-01 04:17:46',NULL,1,1),(154,20,' «Скрытый взгляд»','Веер, украшения, кат-сценовая подача.\r\nОна знает, что на неё смотрят, и позволяет это.\r\nЖенская сила — в контроле, не в атаке.','/uploads/req_1748739135793-683288674.jpg','2025-06-01 04:17:46',NULL,1,1),(155,20,'«Слева пламя»','Рыжий парень с лёгкой ухмылкой.\r\nОн не угрожает, он наблюдает.','/uploads/req_1748739135794-606077478.jpg','2025-06-01 04:17:46',NULL,1,1),(156,20,'«Позолоченный»','Портрет в золотом свете, плавные тени.','/uploads/req_1748739135795-171709194.jpg','2025-06-01 04:17:46',NULL,1,1),(157,20,'«Свет внутри»','Самый эффектный, самый тёмный.\r\nРозовое свечение, обнажённые плечи.\r\nЭто тот, кто выбрал свою силу. Даже если она пугает.','/uploads/req_1748739135796-51673739.jpg','2025-06-01 04:17:46',NULL,1,1),(158,27,'«Оборот»','Этот портрет — взгляд через плечо, как будто кто-то позвал, но ты не готов обернуться до конца. Я хотела показать напряжение между уязвимостью и отчуждённостью, когда человек находится в сомнении — уйти или остаться. Направление света добавляет драматизма и ощущение тайны.','/uploads/req_1749204761043-848515409.jpg','2025-06-06 13:15:46',NULL,1,1),(159,27,'«Покой»','Самый тихий из всех. Эта работа — о принятии. Профиль, ровный свет, нейтральный фон — здесь нет конфликта. Я представляла себе это состояние как момент, когда наконец перестаёшь спорить с собой и просто дышишь.','/uploads/req_1749204761049-961631111.jpg','2025-06-06 13:15:46',NULL,1,1),(160,27,'«Взгляд сквозь»','Здесь я хотела изобразить персонажа, который не просто смотрит, а как будто видит сквозь тебя — и при этом остаётся сам непонятным. Свет создаёт эффект театрального света на лице, как будто человек застыл в кульминации внутреннего диалога.','/uploads/req_1749204761054-496981300.jpg','2025-06-06 13:15:46',NULL,1,1),(161,27,' «Невысказанное»','Единственная женская фигура в серии. Её образ — смесь силы и усталости. Этот портрет — о вещах, которые так и не были сказаны, и это видно в напряжённой линии губ и мягкости глаз. Я хотела, чтобы зритель почувствовал, что перед ним не просто лицо, а история.','/uploads/req_1749204761058-746646787.jpg','2025-06-06 13:15:46',NULL,1,1);
/*!40000 ALTER TABLE `artwork` ENABLE KEYS */;
UNLOCK TABLES;

--
-- Table structure for table `artwork_comments`
--

DROP TABLE IF EXISTS `artwork_comments`;
/*!40101 SET @saved_cs_client     = @@character_set_client */;
/*!50503 SET character_set_client = utf8mb4 */;
CREATE TABLE `artwork_comments` (
  `CommentID` int NOT NULL AUTO_INCREMENT,
  `ArtworkID` int NOT NULL,
  `UserID` int NOT NULL,
  `Content` text NOT NULL,
  `PostDate` datetime DEFAULT CURRENT_TIMESTAMP,
  PRIMARY KEY (`CommentID`),
  KEY `ArtworkID` (`ArtworkID`),
  KEY `UserID` (`UserID`),
  CONSTRAINT `artwork_comments_ibfk_1` FOREIGN KEY (`ArtworkID`) REFERENCES `artwork` (`ArtworkID`) ON DELETE CASCADE,
  CONSTRAINT `artwork_comments_ibfk_2` FOREIGN KEY (`UserID`) REFERENCES `users` (`UserID`) ON DELETE CASCADE
) ENGINE=InnoDB AUTO_INCREMENT=1255 DEFAULT CHARSET=utf8mb4 COLLATE=utf8mb4_0900_ai_ci;
/*!40101 SET character_set_client = @saved_cs_client */;

--
-- Dumping data for table `artwork_comments`
--

LOCK TABLES `artwork_comments` WRITE;
/*!40000 ALTER TABLE `artwork_comments` DISABLE KEYS */;
INSERT INTO `artwork_comments` VALUES (122,46,52,'❤️','2024-10-15 01:39:44'),(123,119,52,'Необычная композиция и прекрасная цветовая гамма.','2024-06-16 01:39:44'),(124,113,52,'Очень впечатляющая работа. Особенно понравилось, как передан свет.','2024-09-07 01:39:44'),(125,30,52,'Кажется, я нашел нового любимого художника.','2025-04-29 01:39:44'),(126,101,52,'Интересная идея.','2024-12-14 01:39:44'),(127,92,61,'Потрясающая проработка деталей, прям не оторваться.','2024-06-20 01:39:44'),(128,85,61,'Такой стиль рисовки вызывает глубокие эмоции. Спасибо за это!','2024-12-23 01:39:44'),(129,49,61,'Нравится стиль.','2024-08-11 01:39:44'),(130,69,61,'Очень круто.','2024-11-22 01:39:44'),(131,143,61,'?','2024-07-19 01:39:44'),(132,68,32,'Нравится стиль.','2024-10-29 01:39:44'),(133,77,32,'Нравится стиль.','2025-04-11 01:39:44'),(134,109,32,'Вау!','2024-07-04 01:39:44'),(135,125,32,'Кажется, я нашел нового любимого художника.','2024-12-30 01:39:44'),(136,129,51,'❤️','2024-12-24 01:39:44'),(137,122,51,'❤️','2024-08-07 01:39:44'),(138,56,76,'Кажется, я нашел нового любимого художника.','2024-09-02 01:39:44'),(139,65,76,'Потрясающая проработка деталей, прям не оторваться.','2024-10-20 01:39:44'),(140,105,76,'Вау!','2024-12-13 01:39:44'),(141,76,64,'Супер!','2024-07-25 01:39:44'),(142,75,64,'Очень впечатляющая работа. Особенно понравилось, как передан свет.','2024-10-19 01:39:44'),(143,139,64,'Очень впечатляющая работа. Особенно понравилось, как передан свет.','2025-02-07 01:39:44'),(144,59,64,'Топ!','2024-09-01 01:39:44'),(145,66,36,'Очень круто.','2025-03-16 01:39:44'),(146,86,36,'Необычная композиция и прекрасная цветовая гамма.','2024-12-26 01:39:44'),(147,44,30,'Интересная идея.','2024-09-03 01:39:44'),(148,61,30,'Кажется, я нашел нового любимого художника.','2024-12-25 01:39:44'),(149,41,30,'Интересная идея.','2024-12-22 01:39:44'),(150,121,30,'Вау!','2025-05-31 01:39:44'),(151,49,65,'Необычная композиция и прекрасная цветовая гамма.','2024-11-16 01:39:44'),(152,140,65,'Необычная композиция и прекрасная цветовая гамма.','2024-07-07 01:39:44'),(153,92,27,'Нравится стиль.','2024-07-31 01:39:44'),(154,100,27,'Супер!','2025-01-22 01:39:44'),(155,29,27,'Очень впечатляющая работа. Особенно понравилось, как передан свет.','2025-03-14 01:39:44'),(156,39,27,'❤️','2025-05-07 01:39:44'),(157,154,27,'Такой стиль рисовки вызывает глубокие эмоции. Спасибо за это!','2024-10-15 01:39:44'),(158,53,75,'Супер!','2024-11-20 01:39:44'),(159,103,75,'Необычная композиция и прекрасная цветовая гамма.','2024-10-08 01:39:44'),(160,72,75,'❤️','2024-12-16 01:39:44'),(161,90,79,'Очень впечатляющая работа. Особенно понравилось, как передан свет.','2024-12-22 01:39:44'),(162,157,79,'Кажется, я нашел нового любимого художника.','2024-06-11 01:39:44'),(163,104,79,'Кажется, я нашел нового любимого художника.','2024-10-08 01:39:44'),(164,109,79,'Очень впечатляющая работа. Особенно понравилось, как передан свет.','2025-01-10 01:39:44'),(165,38,79,'?','2025-03-14 01:39:44'),(166,44,20,'Интересная идея.','2025-04-15 01:39:44'),(167,70,20,'Очень круто.','2025-01-18 01:39:44'),(168,93,20,'Нравится стиль.','2025-04-23 01:39:44'),(169,129,77,'Очень круто.','2024-07-17 01:39:44'),(170,152,77,'Супер!','2024-08-03 01:39:44'),(171,126,48,'Очень круто.','2024-06-12 01:39:44'),(172,105,48,'Супер!','2025-05-26 01:39:44'),(173,45,48,'❤️','2024-06-10 01:39:44'),(174,122,48,'Потрясающая проработка деталей, прям не оторваться.','2024-10-05 01:39:44'),(175,153,18,'Необычная композиция и прекрасная цветовая гамма.','2024-12-27 01:39:44'),(176,145,18,'Вау!','2025-04-11 01:39:44'),(177,91,18,'Такой стиль рисовки вызывает глубокие эмоции. Спасибо за это!','2025-04-18 01:39:44'),(178,89,18,'Топ!','2024-11-07 01:39:44'),(179,135,18,'Потрясающая проработка деталей, прям не оторваться.','2024-11-14 01:39:44'),(180,99,18,'Супер!','2025-02-23 01:39:44'),(181,102,18,'Классная работа!','2025-02-06 01:39:44'),(182,132,56,'❤️','2024-09-28 01:39:44'),(183,74,56,'❤️','2024-09-01 01:39:44'),(184,43,56,'Очень впечатляющая работа. Особенно понравилось, как передан свет.','2024-10-03 01:39:44'),(185,97,56,'Вау!','2024-12-16 01:39:44'),(186,84,26,'?','2024-07-19 01:39:44'),(187,61,26,'Очень впечатляющая работа. Особенно понравилось, как передан свет.','2025-05-27 01:39:44'),(188,133,26,'Очень впечатляющая работа. Особенно понравилось, как передан свет.','2025-02-01 01:39:44'),(189,40,26,'Интересная идея.','2024-11-02 01:39:44'),(190,88,47,'Супер!','2025-03-18 01:39:44'),(191,151,47,'Такой стиль рисовки вызывает глубокие эмоции. Спасибо за это!','2024-06-15 01:39:44'),(192,74,47,'?','2025-03-06 01:39:44'),(193,107,47,'❤️','2024-08-30 01:39:44'),(194,120,47,'Очень круто.','2025-01-20 01:39:44'),(195,127,47,'Потрясающая проработка деталей, прям не оторваться.','2024-06-22 01:39:44'),(196,132,47,'Топ!','2024-07-20 01:39:44'),(197,130,78,'Нравится стиль.','2024-06-02 01:39:44'),(198,133,78,'❤️','2024-10-21 01:39:44'),(199,64,78,'Кажется, я нашел нового любимого художника.','2024-09-02 01:39:44'),(200,127,78,'Супер!','2025-02-01 01:39:44'),(201,136,78,'❤️','2024-07-21 01:39:44'),(202,39,78,'Необычная композиция и прекрасная цветовая гамма.','2024-12-26 01:39:44'),(203,47,34,'Топ!','2024-10-01 01:39:44'),(204,148,34,'Вау!','2024-12-14 01:39:44'),(205,35,34,'Топ!','2025-05-31 01:39:44'),(206,118,34,'Потрясающая проработка деталей, прям не оторваться.','2024-12-29 01:39:44'),(207,123,34,'Такой стиль рисовки вызывает глубокие эмоции. Спасибо за это!','2025-02-13 01:39:44'),(208,68,49,'Вау!','2024-06-03 01:39:44'),(209,49,49,'Супер!','2024-12-25 01:39:44'),(210,130,67,'Супер!','2024-10-30 01:39:44'),(211,49,67,'Супер!','2025-01-17 01:39:44'),(212,106,42,'Очень круто.','2024-06-05 01:39:44'),(213,154,42,'Очень круто.','2024-06-11 01:39:44'),(214,33,42,'Очень круто.','2024-08-01 01:39:44'),(215,49,42,'Потрясающая проработка деталей, прям не оторваться.','2024-11-03 01:39:44'),(216,128,71,'Очень круто.','2024-07-27 01:39:44'),(217,79,71,'?','2024-06-11 01:39:44'),(218,59,71,'Классная работа!','2024-06-20 01:39:44'),(219,89,71,'?','2025-04-18 01:39:44'),(220,122,21,'Такой стиль рисовки вызывает глубокие эмоции. Спасибо за это!','2025-01-29 01:39:44'),(221,34,21,'Очень впечатляющая работа. Особенно понравилось, как передан свет.','2024-06-16 01:39:44'),(222,133,21,'Супер!','2025-01-05 01:39:44'),(223,105,21,'Кажется, я нашел нового любимого художника.','2024-07-05 01:39:44'),(224,59,21,'Кажется, я нашел нового любимого художника.','2025-01-07 01:39:44'),(225,67,63,'Кажется, я нашел нового любимого художника.','2024-10-20 01:39:44'),(226,104,63,'Необычная композиция и прекрасная цветовая гамма.','2025-01-27 01:39:44'),(227,131,63,'Очень круто.','2025-03-23 01:39:44'),(228,42,68,'Очень впечатляющая работа. Особенно понравилось, как передан свет.','2024-06-01 01:39:44'),(229,30,68,'?','2025-03-19 01:39:44'),(230,136,68,'Топ!','2024-06-13 01:39:44'),(231,28,68,'Очень впечатляющая работа. Особенно понравилось, как передан свет.','2024-11-27 01:39:44'),(232,102,72,'Очень впечатляющая работа. Особенно понравилось, как передан свет.','2025-05-22 01:39:44'),(233,99,72,'Топ!','2024-09-26 01:39:44'),(234,68,72,'❤️','2024-11-17 01:39:44'),(235,41,66,'?','2024-11-05 01:39:44'),(236,116,66,'Такой стиль рисовки вызывает глубокие эмоции. Спасибо за это!','2024-06-12 01:39:44'),(237,124,66,'Интересная идея.','2025-04-28 01:39:44'),(238,52,66,'Интересная идея.','2024-08-01 01:39:44'),(239,68,23,'Нравится стиль.','2025-05-22 01:39:44'),(240,99,23,'?','2025-03-08 01:39:44'),(241,148,23,'❤️','2024-10-30 01:39:44'),(242,60,58,'❤️','2024-06-10 01:39:44'),(243,148,58,'❤️','2024-08-25 01:39:44'),(244,72,58,'Необычная композиция и прекрасная цветовая гамма.','2024-07-10 01:39:44'),(245,141,58,'Супер!','2024-08-30 01:39:44'),(246,130,58,'Нравится стиль.','2025-01-19 01:39:44'),(247,43,33,'Очень круто.','2025-03-18 01:39:44'),(248,154,33,'Очень круто.','2024-09-05 01:39:44'),(249,78,33,'❤️','2024-12-05 01:39:44'),(250,136,33,'Вау!','2024-06-17 01:39:44'),(251,121,46,'Супер!','2024-08-24 01:39:44'),(252,145,46,'Вау!','2024-10-07 01:39:44'),(253,69,46,'Потрясающая проработка деталей, прям не оторваться.','2025-04-20 01:39:44'),(254,151,46,'Очень круто.','2024-09-13 01:39:44'),(255,72,53,'?','2025-05-14 01:39:44'),(256,61,53,'Потрясающая проработка деталей, прям не оторваться.','2024-07-21 01:39:44'),(257,115,53,'Нравится стиль.','2025-01-25 01:39:44'),(258,126,53,'Топ!','2024-10-11 01:39:44'),(259,112,53,'Потрясающая проработка деталей, прям не оторваться.','2024-12-17 01:39:44'),(260,119,55,'Нравится стиль.','2025-03-07 01:39:44'),(261,107,55,'Топ!','2025-05-21 01:39:44'),(262,89,55,'Потрясающая проработка деталей, прям не оторваться.','2025-03-18 01:39:44'),(263,137,55,'Топ!','2024-11-20 01:39:44'),(264,114,62,'Супер!','2024-11-27 01:39:44'),(265,28,62,'Такой стиль рисовки вызывает глубокие эмоции. Спасибо за это!','2024-07-27 01:39:44'),(266,147,62,'Потрясающая проработка деталей, прям не оторваться.','2025-04-03 01:39:44'),(267,145,62,'Интересная идея.','2024-10-29 01:39:44'),(268,81,62,'?','2024-06-25 01:39:44'),(269,70,60,'Очень впечатляющая работа. Особенно понравилось, как передан свет.','2024-12-30 01:39:44'),(270,117,60,'Нравится стиль.','2024-06-25 01:39:44'),(271,93,22,'Интересная идея.','2024-09-26 01:39:44'),(272,62,22,'Топ!','2024-07-14 01:39:44'),(273,50,22,'Нравится стиль.','2024-08-08 01:39:44'),(274,68,22,'Нравится стиль.','2024-06-06 01:39:44'),(275,140,22,'Такой стиль рисовки вызывает глубокие эмоции. Спасибо за это!','2025-01-12 01:39:44'),(276,36,25,'Очень круто.','2024-12-17 01:39:44'),(277,96,25,'Нравится стиль.','2025-03-16 01:39:44'),(278,62,25,'Нравится стиль.','2024-09-12 01:39:44'),(279,157,25,'Нравится стиль.','2025-01-29 01:39:44'),(280,41,25,'Такой стиль рисовки вызывает глубокие эмоции. Спасибо за это!','2024-12-25 01:39:44'),(281,50,43,'Интересная идея.','2024-09-21 01:39:44'),(282,45,41,'Очень впечатляющая работа. Особенно понравилось, как передан свет.','2024-10-14 01:39:44'),(283,62,41,'Такой стиль рисовки вызывает глубокие эмоции. Спасибо за это!','2024-06-07 01:39:44'),(284,79,24,'Очень круто.','2025-05-22 01:39:44'),(285,157,24,'Кажется, я нашел нового любимого художника.','2025-04-25 01:39:44'),(286,69,24,'Кажется, я нашел нового любимого художника.','2024-08-09 01:39:44'),(287,58,24,'Топ!','2025-04-14 01:39:44'),(288,150,24,'Очень круто.','2025-05-25 01:39:44'),(289,53,29,'Интересная идея.','2024-10-11 01:39:44'),(290,102,29,'Необычная композиция и прекрасная цветовая гамма.','2024-09-19 01:39:44'),(291,84,29,'Кажется, я нашел нового любимого художника.','2024-06-29 01:39:44'),(292,139,29,'Топ!','2024-07-27 01:39:44'),(293,99,50,'Кажется, я нашел нового любимого художника.','2025-04-13 01:39:44'),(294,101,40,'Потрясающая проработка деталей, прям не оторваться.','2025-02-13 01:39:44'),(295,126,40,'Потрясающая проработка деталей, прям не оторваться.','2024-10-17 01:39:44'),(296,85,40,'Кажется, я нашел нового любимого художника.','2025-04-09 01:39:44'),(297,98,40,'Классная работа!','2024-07-22 01:39:44'),(298,100,28,'Очень впечатляющая работа. Особенно понравилось, как передан свет.','2024-12-22 01:39:44'),(299,130,28,'❤️','2025-03-15 01:39:44'),(300,75,28,'❤️','2025-02-08 01:39:44'),(301,45,70,'❤️','2024-10-27 01:39:44'),(302,121,70,'Потрясающая проработка деталей, прям не оторваться.','2024-08-19 01:39:44'),(303,86,70,'Очень впечатляющая работа. Особенно понравилось, как передан свет.','2025-01-10 01:39:44'),(304,37,70,'❤️','2024-06-18 01:39:44'),(305,122,54,'Такой стиль рисовки вызывает глубокие эмоции. Спасибо за это!','2025-05-06 01:39:44'),(306,30,54,'Кажется, я нашел нового любимого художника.','2024-08-14 01:39:44'),(307,117,54,'Очень впечатляющая работа. Особенно понравилось, как передан свет.','2025-04-07 01:39:44'),(308,102,54,'Супер!','2024-12-13 01:39:44'),(309,91,31,'?','2024-10-23 01:39:44'),(310,34,31,'Интересная идея.','2024-07-15 01:39:44'),(311,57,31,'Супер!','2024-12-04 01:39:44'),(312,132,49,'❤','2025-04-25 02:00:11'),(313,91,39,'Невероятная работа','2025-04-09 02:00:11'),(314,53,56,'Глубоко тронуло','2025-05-19 02:00:11'),(315,91,61,'Сильно','2025-05-21 02:00:11'),(316,47,73,'Нравится!','2025-03-15 02:00:11'),(317,61,23,'Шикарно нарисовано','2025-06-01 02:00:11'),(318,129,79,'Очень вдохновляюще!','2025-04-02 02:00:11'),(319,56,65,'Сильно','2025-05-20 02:00:11'),(320,54,64,'Супер, продолжай в том же духе!','2025-04-05 02:00:11'),(321,51,21,'Супер, продолжай в том же духе!','2025-05-14 02:00:11'),(322,29,74,'Это круто!','2025-03-24 02:00:11'),(323,134,35,'Сильно','2025-04-10 02:00:11'),(324,29,58,'Это круто!','2025-04-25 02:00:11'),(325,27,21,'Нравится!','2025-03-25 02:00:11'),(326,65,37,'Это круто!','2025-03-11 02:00:11'),(327,44,30,'Вау!','2025-05-01 02:00:11'),(328,157,58,'Это круто!','2025-05-07 02:00:11'),(329,53,79,'Это круто!','2025-03-12 02:00:11'),(330,76,34,'Глубоко тронуло','2025-04-12 02:00:11'),(331,144,41,'Супер, продолжай в том же духе!','2025-03-08 02:00:11'),(332,72,40,'Очень вдохновляюще!','2025-04-28 02:00:11'),(333,106,78,'Сюжет интересный.','2025-03-23 02:00:11'),(334,42,62,'Сюжет интересный.','2025-03-29 02:00:11'),(335,74,32,'Очень вдохновляюще!','2025-04-02 02:00:11'),(336,63,56,'Очень вдохновляюще!','2025-03-19 02:00:11'),(337,151,18,'Сильно','2025-03-14 02:00:11'),(338,150,30,'Сюжет интересный.','2025-05-03 02:00:11'),(339,103,25,'Очень атмосферно.','2025-04-21 02:00:11'),(340,29,63,'Супер, продолжай в том же духе!','2025-04-20 02:00:11'),(341,57,57,'Сильно','2025-05-13 02:00:11'),(342,61,70,'Глубоко тронуло','2025-03-28 02:00:11'),(343,73,61,'Очень вдохновляюще!','2025-05-27 02:00:11'),(344,115,48,'Невероятная работа','2025-06-01 02:00:11'),(345,30,78,'Классная работа!','2025-04-02 02:00:11'),(346,29,72,'Это круто!','2025-04-28 02:00:11'),(347,143,51,'Нравится!','2025-03-11 02:00:11'),(348,94,60,'Супер, продолжай в том же духе!','2025-03-13 02:00:11'),(349,132,46,'Люблю такую цветовую палитру.','2025-05-10 02:00:11'),(350,134,77,'Невероятная работа','2025-03-29 02:00:11'),(351,118,42,'❤','2025-03-16 02:00:11'),(352,70,55,'Супер, продолжай в том же духе!','2025-05-30 02:00:11'),(353,102,77,'Вау!','2025-05-29 02:00:11'),(354,73,30,'Сюжет интересный.','2025-03-07 02:00:11'),(355,56,31,'Шикарно нарисовано','2025-05-14 02:00:11'),(356,37,18,'Это круто!','2025-04-03 02:00:11'),(357,56,66,'Очень атмосферно.','2025-05-12 02:00:11'),(358,138,71,'Это круто!','2025-05-25 02:00:11'),(359,148,43,'Нравится!','2025-05-01 02:00:11'),(360,118,75,'Вау!','2025-04-26 02:00:11'),(361,34,32,'Супер, продолжай в том же духе!','2025-04-25 02:00:11'),(362,119,39,'Вау!','2025-05-08 02:00:11'),(363,104,18,'Шикарно нарисовано','2025-04-21 02:00:11'),(364,141,37,'Шикарно нарисовано','2025-05-16 02:00:11'),(365,111,56,'Супер, продолжай в том же духе!','2025-05-15 02:00:11'),(366,130,44,'Очень атмосферно.','2025-03-21 02:00:11'),(367,37,34,'Нравится!','2025-04-16 02:00:11'),(368,77,64,'Глубоко тронуло','2025-05-26 02:00:11'),(369,114,38,'Очень вдохновляюще!','2025-04-17 02:00:11'),(370,123,37,'Это круто!','2025-03-20 02:00:11'),(371,43,43,'Шикарно нарисовано','2025-05-17 02:00:11'),(372,115,36,'❤','2025-03-17 02:00:11'),(373,73,33,'Супер, продолжай в том же духе!','2025-03-07 02:00:11'),(374,113,36,'Очень вдохновляюще!','2025-03-18 02:00:11'),(375,123,42,'Классная работа!','2025-05-18 02:00:11'),(376,148,78,'Глубоко тронуло','2025-05-27 02:00:11'),(377,74,24,'Сюжет интересный.','2025-04-07 02:00:11'),(378,156,32,'Очень атмосферно.','2025-03-22 02:00:11'),(379,44,49,'Люблю такую цветовую палитру.','2025-03-20 02:00:11'),(380,53,42,'Сильно','2025-04-11 02:00:11'),(381,127,35,'Супер, продолжай в том же духе!','2025-05-15 02:00:11'),(382,54,29,'Сильно','2025-04-10 02:00:11'),(383,118,30,'Шикарно нарисовано','2025-05-20 02:00:11'),(384,84,79,'Сильно','2025-03-22 02:00:11'),(385,140,33,'Вау!','2025-05-04 02:00:11'),(386,149,47,'Это круто!','2025-05-06 02:00:11'),(387,57,29,'Невероятная работа','2025-05-27 02:00:11'),(388,145,74,'Вау!','2025-03-06 02:00:11'),(389,34,77,'Это круто!','2025-04-12 02:00:11'),(390,110,18,'Невероятная работа','2025-04-24 02:00:11'),(391,156,21,'Глубоко тронуло','2025-05-28 02:00:11'),(392,108,38,'Классная работа!','2025-04-26 02:00:11'),(393,53,58,'Очень атмосферно.','2025-04-05 02:00:11'),(394,101,55,'Супер, продолжай в том же духе!','2025-04-04 02:00:11'),(395,76,23,'Это круто!','2025-03-27 02:00:11'),(396,124,68,'Люблю такую цветовую палитру.','2025-03-03 02:00:11'),(397,49,36,'Глубоко тронуло','2025-05-19 02:00:11'),(398,60,78,'Люблю такую цветовую палитру.','2025-05-20 02:00:11'),(399,120,22,'Очень вдохновляюще!','2025-03-10 02:00:11'),(400,81,25,'Это круто!','2025-04-04 02:00:11'),(401,103,45,'Супер, продолжай в том же духе!','2025-05-05 02:00:11'),(402,142,60,'❤','2025-04-26 02:00:11'),(403,109,78,'Супер, продолжай в том же духе!','2025-05-12 02:00:11'),(404,119,63,'Супер, продолжай в том же духе!','2025-04-02 02:00:11'),(405,89,42,'Очень вдохновляюще!','2025-03-06 02:00:11'),(406,29,30,'❤','2025-03-28 02:00:11'),(407,87,18,'Супер, продолжай в том же духе!','2025-05-13 02:00:11'),(408,155,32,'Классная работа!','2025-03-31 02:00:11'),(409,83,31,'Люблю такую цветовую палитру.','2025-04-13 02:00:11'),(410,129,21,'❤','2025-03-22 02:00:11'),(411,141,28,'❤','2025-05-30 02:00:11'),(412,58,41,'Это круто!','2025-03-31 02:00:11'),(413,136,18,'Глубоко тронуло','2025-04-12 02:00:11'),(414,28,65,'Очень атмосферно.','2025-05-03 02:00:11'),(415,71,35,'Сильно','2025-05-27 02:00:11'),(416,37,40,'Супер, продолжай в том же духе!','2025-04-11 02:00:11'),(417,28,59,'Очень вдохновляюще!','2025-03-11 02:00:11'),(418,147,64,'Классная работа!','2025-03-03 02:00:11'),(419,151,46,'Нравится!','2025-05-03 02:00:11'),(420,28,46,'Нравится!','2025-05-17 02:00:11'),(421,126,73,'Это круто!','2025-04-30 02:00:11'),(422,72,49,'Очень атмосферно.','2025-05-22 02:00:11'),(423,91,21,'Очень вдохновляюще!','2025-03-25 02:00:11'),(424,98,52,'Очень вдохновляюще!','2025-05-30 02:00:11'),(425,99,64,'Классная работа!','2025-04-21 02:00:11'),(426,140,66,'Сюжет интересный.','2025-04-25 02:00:11'),(427,83,42,'Вау!','2025-05-28 02:00:11'),(428,104,30,'Очень атмосферно.','2025-04-16 02:00:11'),(429,118,45,'Шикарно нарисовано','2025-03-20 02:00:11'),(430,88,78,'Очень атмосферно.','2025-05-16 02:00:11'),(431,114,61,'Вау!','2025-04-17 02:00:11'),(432,152,34,'Супер, продолжай в том же духе!','2025-04-27 02:00:11'),(433,96,78,'Сюжет интересный.','2025-05-07 02:00:11'),(434,128,33,'Это круто!','2025-03-06 02:00:11'),(435,105,74,'❤','2025-03-15 02:00:11'),(436,117,35,'Супер, продолжай в том же духе!','2025-05-04 02:00:11'),(437,31,59,'Сюжет интересный.','2025-04-21 02:00:11'),(438,56,46,'Это круто!','2025-03-05 02:00:11'),(439,27,51,'Вау!','2025-04-11 02:00:11'),(440,75,59,'Супер, продолжай в том же духе!','2025-05-18 02:00:11'),(441,71,38,'Это круто!','2025-04-12 02:00:11'),(442,40,23,'Очень атмосферно.','2025-05-23 02:00:11'),(443,113,64,'Сюжет интересный.','2025-03-06 02:00:11'),(444,156,47,'Шикарно нарисовано','2025-05-16 02:00:11'),(445,145,23,'Люблю такую цветовую палитру.','2025-04-09 02:00:11'),(446,27,29,'Сильно','2025-04-13 02:00:11'),(447,153,50,'Вау!','2025-05-18 02:00:11'),(448,135,37,'Люблю такую цветовую палитру.','2025-03-24 02:00:11'),(449,146,70,'Вау!','2025-05-02 02:00:11'),(450,31,25,'Сильно','2025-03-07 02:00:11'),(451,125,70,'Вау!','2025-03-03 02:00:11'),(452,35,45,'Сильно','2025-04-15 02:00:11'),(453,94,62,'Люблю такую цветовую палитру.','2025-03-17 02:00:11'),(454,73,52,'Это круто!','2025-05-24 02:00:11'),(455,120,28,'Шикарно нарисовано','2025-04-11 02:00:11'),(456,50,22,'Нравится!','2025-03-23 02:00:11'),(457,132,36,'Сильно','2025-03-23 02:00:11'),(458,55,60,'Очень атмосферно.','2025-05-17 02:00:11'),(459,157,35,'Глубоко тронуло','2025-03-15 02:00:11'),(460,42,32,'Нравится!','2025-05-14 02:00:11'),(461,126,50,'Шикарно нарисовано','2025-05-24 02:00:11'),(462,73,75,'Глубоко тронуло','2025-05-03 02:00:11'),(463,132,43,'Вау!','2025-03-26 02:00:11'),(464,47,35,'Сильно','2025-03-11 02:00:11'),(465,88,61,'Очень вдохновляюще!','2025-03-06 02:00:11'),(466,58,48,'Очень вдохновляюще!','2025-03-03 02:00:11'),(467,37,74,'Невероятная работа','2025-04-18 02:00:11'),(468,54,70,'Очень вдохновляюще!','2025-05-15 02:00:11'),(469,99,41,'Невероятная работа','2025-03-15 02:00:11'),(470,141,36,'Это круто!','2025-04-22 02:00:11'),(471,87,68,'Классная работа!','2025-04-30 02:00:11'),(472,31,47,'Глубоко тронуло','2025-05-31 02:00:11'),(473,103,75,'Сюжет интересный.','2025-05-18 02:00:11'),(474,102,22,'Сюжет интересный.','2025-05-29 02:00:11'),(475,47,53,'Глубоко тронуло','2025-04-04 02:00:11'),(476,148,68,'Шикарно нарисовано','2025-03-20 02:00:11'),(477,92,70,'Сильно','2025-03-06 02:00:11'),(478,127,24,'Люблю такую цветовую палитру.','2025-05-14 02:00:11'),(479,92,29,'Очень атмосферно.','2025-03-12 02:00:11'),(480,57,23,'Супер, продолжай в том же духе!','2025-05-13 02:00:11'),(481,103,29,'Очень вдохновляюще!','2025-03-05 02:00:11'),(482,71,36,'Вау!','2025-05-18 02:00:11'),(483,104,57,'Сильно','2025-04-24 02:00:11'),(484,93,55,'Нравится!','2025-03-26 02:00:11'),(485,113,73,'❤','2025-03-31 02:00:11'),(486,88,74,'Шикарно нарисовано','2025-03-17 02:00:11'),(487,99,72,'Нравится!','2025-05-09 02:00:11'),(488,31,67,'Очень вдохновляюще!','2025-03-24 02:00:11'),(489,46,53,'Люблю такую цветовую палитру.','2025-03-20 02:00:11'),(490,56,52,'Вау!','2025-03-19 02:00:11'),(491,90,22,'Классная работа!','2025-05-13 02:00:11'),(492,78,22,'Сюжет интересный.','2025-03-05 02:00:11'),(493,87,21,'Супер, продолжай в том же духе!','2025-04-12 02:00:11'),(494,45,35,'Вау!','2025-05-17 02:00:11'),(495,30,74,'Сильно','2025-04-08 02:00:11'),(496,30,37,'Шикарно нарисовано','2025-04-08 02:00:11'),(497,57,53,'Сильно','2025-03-07 02:00:11'),(498,130,60,'Очень вдохновляюще!','2025-03-20 02:00:11'),(499,149,42,'Супер, продолжай в том же духе!','2025-05-16 02:00:11'),(500,118,61,'Это круто!','2025-04-03 02:00:11'),(501,94,58,'Это круто!','2025-04-15 02:00:11'),(502,156,56,'Люблю такую цветовую палитру.','2025-04-22 02:00:11'),(503,79,31,'Нравится!','2025-04-03 02:00:11'),(504,105,44,'Невероятная работа','2025-04-17 02:00:11'),(505,106,18,'Сюжет интересный.','2025-04-11 02:00:11'),(506,87,72,'Супер, продолжай в том же духе!','2025-05-11 02:00:11'),(507,115,72,'Сильно','2025-04-29 02:00:11'),(508,143,20,'Сюжет интересный.','2025-05-17 02:00:11'),(509,47,46,'Невероятная работа','2025-05-14 02:00:11'),(510,145,56,'Очень атмосферно.','2025-05-27 02:00:11'),(511,111,65,'Невероятная работа','2025-04-06 02:00:11'),(512,149,38,'Глубоко тронуло','2025-03-03 02:00:11'),(513,104,51,'Это круто!','2025-03-17 02:00:11'),(514,115,23,'Супер, продолжай в том же духе!','2025-05-09 02:00:11'),(515,94,41,'Вау!','2025-03-29 02:00:11'),(516,139,74,'Супер, продолжай в том же духе!','2025-03-05 02:00:11'),(517,65,23,'Нравится!','2025-05-09 02:00:11'),(518,48,23,'Сильно','2025-04-24 02:00:11'),(519,100,50,'Невероятная работа','2025-03-25 02:00:11'),(520,58,56,'Люблю такую цветовую палитру.','2025-04-03 02:00:11'),(521,148,34,'Невероятная работа','2025-03-13 02:00:11'),(522,153,41,'Вау!','2025-04-13 02:00:11'),(523,86,55,'Классная работа!','2025-05-18 02:00:11'),(524,112,25,'Люблю такую цветовую палитру.','2025-03-16 02:00:11'),(525,38,67,'Нравится!','2025-03-23 02:00:11'),(526,93,62,'❤','2025-05-20 02:00:11'),(527,41,75,'Шикарно нарисовано','2025-05-18 02:00:11'),(528,51,33,'Нравится!','2025-03-24 02:00:11'),(529,35,66,'Люблю такую цветовую палитру.','2025-05-22 02:00:11'),(530,134,22,'Люблю такую цветовую палитру.','2025-04-24 02:00:11'),(531,153,70,'Супер, продолжай в том же духе!','2025-04-15 02:00:11'),(532,46,49,'Очень атмосферно.','2025-03-08 02:00:11'),(533,104,42,'Сильно','2025-03-03 02:00:11'),(534,128,53,'Глубоко тронуло','2025-05-30 02:00:11'),(535,143,31,'Люблю такую цветовую палитру.','2025-03-24 02:00:11'),(536,52,52,'Шикарно нарисовано','2025-04-21 02:00:11'),(537,28,71,'Шикарно нарисовано','2025-03-17 02:00:11'),(538,66,44,'❤','2025-05-18 02:00:11'),(539,54,52,'Супер, продолжай в том же духе!','2025-04-05 02:00:11'),(540,110,24,'Сильно','2025-05-26 02:00:11'),(541,43,24,'Супер, продолжай в том же духе!','2025-05-09 02:00:11'),(542,33,20,'Сюжет интересный.','2025-04-01 02:00:11'),(543,145,71,'Это круто!','2025-04-07 02:00:11'),(544,30,70,'Супер, продолжай в том же духе!','2025-05-14 02:00:11'),(545,150,21,'Классная работа!','2025-05-16 02:00:11'),(546,70,41,'Сильно','2025-03-20 02:00:11'),(547,157,64,'Люблю такую цветовую палитру.','2025-03-14 02:00:11'),(548,141,43,'Невероятная работа','2025-03-06 02:00:11'),(549,137,34,'Классная работа!','2025-05-04 02:00:11'),(550,126,41,'Глубоко тронуло','2025-03-23 02:00:11'),(551,92,30,'Глубоко тронуло','2025-05-28 02:00:11'),(552,45,39,'Супер, продолжай в том же духе!','2025-04-25 02:00:11'),(553,94,54,'Нравится!','2025-05-17 02:00:11'),(554,101,23,'Невероятная работа','2025-04-05 02:00:11'),(555,124,51,'Шикарно нарисовано','2025-05-18 02:00:11'),(556,52,30,'Глубоко тронуло','2025-05-18 02:00:11'),(557,124,45,'Супер, продолжай в том же духе!','2025-05-25 02:00:11'),(558,152,74,'Сильно','2025-03-10 02:00:11'),(559,30,52,'Сюжет интересный.','2025-04-16 02:00:11'),(560,149,18,'Люблю такую цветовую палитру.','2025-03-28 02:00:11'),(561,44,74,'Сюжет интересный.','2025-04-03 02:00:11'),(562,148,67,'Нравится!','2025-04-25 02:00:11'),(563,154,32,'Нравится!','2025-05-05 02:00:11'),(564,87,75,'Шикарно нарисовано','2025-04-06 02:00:11'),(565,71,31,'Очень атмосферно.','2025-04-15 02:00:11'),(566,42,34,'Это круто!','2025-03-14 02:00:11'),(567,59,52,'Вау!','2025-05-21 02:00:11'),(568,35,26,'Очень вдохновляюще!','2025-05-30 02:00:11'),(569,89,72,'Люблю такую цветовую палитру.','2025-04-18 02:00:11'),(570,84,75,'Супер, продолжай в том же духе!','2025-03-22 02:00:11'),(571,72,45,'Нравится!','2025-04-26 02:00:11'),(572,95,71,'Супер, продолжай в том же духе!','2025-05-01 02:00:11'),(573,131,26,'Вау!','2025-03-13 02:00:11'),(574,95,34,'Очень вдохновляюще!','2025-04-13 02:00:11'),(575,38,20,'Классная работа!','2025-04-16 02:00:11'),(576,138,27,'Это круто!','2025-04-27 02:00:11'),(577,140,52,'Невероятная работа','2025-05-26 02:00:11'),(578,123,40,'Шикарно нарисовано','2025-04-14 02:00:11'),(579,39,45,'Люблю такую цветовую палитру.','2025-05-07 02:00:11'),(580,64,50,'❤','2025-05-24 02:00:11'),(581,98,32,'Очень вдохновляюще!','2025-05-01 02:00:11'),(582,111,59,'Очень вдохновляюще!','2025-05-23 02:00:11'),(583,103,34,'Это круто!','2025-03-07 02:00:11'),(584,35,38,'Супер, продолжай в том же духе!','2025-05-16 02:00:11'),(585,99,33,'Глубоко тронуло','2025-04-22 02:00:11'),(586,40,20,'Супер, продолжай в том же духе!','2025-05-14 02:00:11'),(587,55,67,'Очень атмосферно.','2025-04-03 02:00:11'),(588,63,33,'Нравится!','2025-03-22 02:00:11'),(589,142,64,'Глубоко тронуло','2025-04-27 02:00:11'),(590,96,41,'Невероятная работа','2025-05-03 02:00:11'),(591,62,77,'Классная работа!','2025-03-28 02:00:11'),(592,34,40,'Люблю такую цветовую палитру.','2025-05-24 02:00:11'),(593,48,41,'Очень вдохновляюще!','2025-03-10 02:00:11'),(594,135,56,'Супер, продолжай в том же духе!','2025-03-31 02:00:11'),(595,30,60,'Нравится!','2025-05-27 02:00:11'),(596,148,22,'Классная работа!','2025-03-19 02:00:11'),(597,78,18,'Нравится!','2025-05-13 02:00:11'),(598,150,27,'❤','2025-05-11 02:00:11'),(599,144,72,'Сюжет интересный.','2025-03-08 02:00:11'),(600,33,18,'Глубоко тронуло','2025-05-17 02:00:11'),(601,78,39,'Классная работа!','2025-05-14 02:00:11'),(602,56,39,'Невероятная работа','2025-05-30 02:00:11'),(603,107,28,'Сильно','2025-03-26 02:00:11'),(604,46,44,'❤','2025-04-11 02:00:11'),(605,53,77,'Очень атмосферно.','2025-04-29 02:00:11'),(606,35,76,'Классная работа!','2025-04-02 02:00:11'),(607,156,34,'Сюжет интересный.','2025-03-06 02:00:11'),(608,83,43,'Супер, продолжай в том же духе!','2025-03-16 02:00:11'),(609,128,49,'Это круто!','2025-04-20 02:00:11'),(610,156,39,'❤','2025-05-26 02:00:11'),(611,103,48,'Невероятная работа','2025-05-13 02:00:11'),(612,78,26,'Невероятная работа','2025-05-23 02:00:11'),(613,86,62,'Супер, продолжай в том же духе!','2025-04-07 02:00:11'),(614,50,69,'Люблю такую цветовую палитру.','2025-03-07 02:00:11'),(615,44,21,'Глубоко тронуло','2025-03-18 02:00:11'),(616,118,26,'Супер, продолжай в том же духе!','2025-03-15 02:00:11'),(617,104,27,'Сюжет интересный.','2025-05-07 02:00:11'),(618,125,67,'Это круто!','2025-04-03 02:00:11'),(619,151,55,'Сильно','2025-03-28 02:00:11'),(620,77,59,'Нравится!','2025-05-13 02:00:11'),(621,58,79,'Очень атмосферно.','2025-03-17 02:00:11'),(622,140,35,'Очень атмосферно.','2025-04-26 02:00:11'),(623,89,46,'Это круто!','2025-05-10 02:00:11'),(624,58,28,'Классная работа!','2025-04-25 02:00:11'),(625,122,66,'Нравится!','2025-04-21 02:00:11'),(626,34,23,'Нравится!','2025-03-13 02:00:11'),(627,151,24,'Очень атмосферно.','2025-05-28 02:00:11'),(628,136,26,'Невероятная работа','2025-04-14 02:00:11'),(629,145,59,'Нравится!','2025-03-23 02:00:11'),(630,144,46,'Нравится!','2025-03-27 02:00:11'),(631,39,40,'Вау!','2025-05-20 02:00:11'),(632,135,23,'Классная работа!','2025-05-02 02:00:11'),(633,118,68,'Люблю такую цветовую палитру.','2025-06-01 02:00:11'),(634,76,27,'❤','2025-04-23 02:00:11'),(635,50,37,'Очень атмосферно.','2025-05-15 02:00:11'),(636,96,73,'Невероятная работа','2025-03-09 02:00:11'),(637,143,22,'Сильно','2025-04-17 02:00:11'),(638,63,46,'Глубоко тронуло','2025-05-19 02:00:11'),(639,42,72,'❤','2025-05-05 02:00:11'),(640,151,44,'Вау!','2025-04-02 02:00:11'),(641,83,49,'Сильно','2025-04-17 02:00:11'),(642,73,45,'Вау!','2025-03-20 02:00:11'),(643,53,29,'Очень атмосферно.','2025-05-30 02:00:11'),(644,104,65,'Невероятная работа','2025-03-19 02:00:11'),(645,51,71,'Сюжет интересный.','2025-03-22 02:00:11'),(646,143,76,'Классная работа!','2025-03-04 02:00:11'),(647,71,55,'Нравится!','2025-03-30 02:00:11'),(648,138,49,'Сильно','2025-03-08 02:00:11'),(649,144,20,'❤','2025-03-15 02:00:11'),(650,148,19,'Невероятная работа','2025-03-13 02:00:11'),(651,81,75,'Супер, продолжай в том же духе!','2025-05-03 02:00:11'),(652,117,67,'Люблю такую цветовую палитру.','2025-05-06 02:00:11'),(653,59,48,'Глубоко тронуло','2025-03-19 02:00:11'),(654,113,29,'Нравится!','2025-03-19 02:00:11'),(655,89,59,'Очень вдохновляюще!','2025-04-25 02:00:11'),(656,58,25,'Невероятная работа','2025-04-07 02:00:11'),(657,139,63,'Глубоко тронуло','2025-04-21 02:00:11'),(658,66,47,'Сюжет интересный.','2025-05-06 02:00:11'),(659,84,56,'Супер, продолжай в том же духе!','2025-03-12 02:00:11'),(660,94,33,'Шикарно нарисовано','2025-05-31 02:00:11'),(661,96,32,'Сильно','2025-03-23 02:00:11'),(662,31,48,'Классная работа!','2025-05-14 02:00:11'),(663,150,42,'Нравится!','2025-04-04 02:00:11'),(664,62,32,'Невероятная работа','2025-05-31 02:00:11'),(665,91,49,'Вау!','2025-04-03 02:00:11'),(666,155,48,'Глубоко тронуло','2025-04-12 02:00:11'),(667,85,36,'Классная работа!','2025-04-27 02:00:11'),(668,40,46,'Супер, продолжай в том же духе!','2025-05-31 02:00:11'),(669,60,67,'Это круто!','2025-03-05 02:00:11'),(670,60,58,'Сильно','2025-03-24 02:00:11'),(671,28,21,'Супер, продолжай в том же духе!','2025-03-20 02:00:11'),(672,108,37,'Сильно','2025-05-21 02:00:11'),(673,157,77,'Глубоко тронуло','2025-04-11 02:00:11'),(674,67,28,'Невероятная работа','2025-03-08 02:00:11'),(675,109,66,'Очень вдохновляюще!','2025-05-29 02:00:11'),(676,148,33,'Классная работа!','2025-04-03 02:00:11'),(677,118,36,'Вау!','2025-03-15 02:00:11'),(678,65,79,'Сюжет интересный.','2025-03-05 02:00:11'),(679,93,35,'Сюжет интересный.','2025-04-13 02:00:11'),(680,105,19,'Вау!','2025-04-15 02:00:11'),(681,96,29,'Сюжет интересный.','2025-03-20 02:00:11'),(682,135,18,'Невероятная работа','2025-03-23 02:00:11'),(683,145,58,'Люблю такую цветовую палитру.','2025-03-27 02:00:11'),(684,153,40,'Сюжет интересный.','2025-04-01 02:00:11'),(685,80,30,'Шикарно нарисовано','2025-05-15 02:00:11'),(686,78,41,'Это круто!','2025-03-12 02:00:11'),(687,32,22,'Очень атмосферно.','2025-04-26 02:00:11'),(688,146,69,'Невероятная работа','2025-04-11 02:00:11'),(689,65,56,'Супер, продолжай в том же духе!','2025-03-03 02:00:11'),(690,124,18,'Вау!','2025-05-07 02:00:11'),(691,79,38,'Классная работа!','2025-04-22 02:00:11'),(692,126,52,'❤','2025-05-05 02:00:11'),(693,157,61,'Невероятная работа','2025-03-17 02:00:11'),(694,57,64,'❤','2025-03-28 02:00:11'),(695,39,78,'Нравится!','2025-05-19 02:00:11'),(696,42,33,'Очень атмосферно.','2025-03-31 02:00:11'),(697,157,76,'Нравится!','2025-03-10 02:00:11'),(698,36,72,'Вау!','2025-03-27 02:00:11'),(699,141,44,'Сюжет интересный.','2025-05-27 02:00:11'),(700,93,20,'Супер, продолжай в том же духе!','2025-04-23 02:00:11'),(701,27,72,'Очень вдохновляюще!','2025-04-04 02:00:11'),(702,115,22,'Сильно','2025-05-10 02:00:11'),(703,129,63,'Вау!','2025-03-19 02:00:11'),(704,111,35,'Супер, продолжай в том же духе!','2025-04-17 02:00:11'),(705,53,18,'❤','2025-04-29 02:00:11'),(706,121,59,'Нравится!','2025-04-22 02:00:11'),(707,76,28,'❤','2025-04-02 02:00:11'),(708,117,38,'Невероятная работа','2025-04-05 02:00:11'),(709,55,33,'Глубоко тронуло','2025-03-20 02:00:11'),(710,37,30,'❤','2025-04-30 02:00:11'),(711,132,23,'Это круто!','2025-03-16 02:00:11'),(712,144,54,'Глубоко тронуло','2025-05-14 02:00:11'),(713,146,48,'Нравится!','2025-04-15 02:00:11'),(714,81,35,'❤','2025-05-02 02:00:11'),(715,94,76,'❤','2025-03-03 02:00:11'),(716,60,31,'Супер, продолжай в том же духе!','2025-04-19 02:00:11'),(717,36,49,'Люблю такую цветовую палитру.','2025-03-09 02:00:11'),(718,65,24,'Вау!','2025-05-11 02:00:11'),(719,83,46,'❤','2025-05-15 02:00:11'),(720,110,48,'Глубоко тронуло','2025-03-12 02:00:11'),(721,125,73,'Классная работа!','2025-03-19 02:00:11'),(722,138,20,'Очень вдохновляюще!','2025-03-11 02:00:11'),(723,58,31,'Классная работа!','2025-04-08 02:00:11'),(724,92,47,'Глубоко тронуло','2025-03-14 02:00:11'),(725,145,39,'Люблю такую цветовую палитру.','2025-04-14 02:00:11'),(726,96,44,'Сильно','2025-05-12 02:00:11'),(727,40,55,'Очень вдохновляюще!','2025-03-03 02:00:11'),(728,85,21,'Супер, продолжай в том же духе!','2025-05-12 02:00:11'),(729,109,76,'Глубоко тронуло','2025-04-15 02:00:11'),(730,130,57,'Шикарно нарисовано','2025-03-17 02:00:11'),(731,79,47,'Супер, продолжай в том же духе!','2025-04-08 02:00:11'),(732,122,65,'Сильно','2025-03-16 02:00:11'),(733,94,67,'Люблю такую цветовую палитру.','2025-03-09 02:00:11'),(734,66,48,'Глубоко тронуло','2025-04-03 02:00:11'),(735,150,64,'Супер, продолжай в том же духе!','2025-04-26 02:00:11'),(736,110,69,'Невероятная работа','2025-05-31 02:00:11'),(737,34,34,'Шикарно нарисовано','2025-05-05 02:00:11'),(738,129,53,'Это круто!','2025-04-19 02:00:11'),(739,125,27,'Нравится!','2025-03-21 02:00:11'),(740,50,32,'Сюжет интересный.','2025-04-22 02:00:11'),(741,139,39,'Невероятная работа','2025-04-28 02:00:11'),(742,80,71,'Сильно','2025-04-15 02:00:11'),(743,29,36,'Очень вдохновляюще!','2025-04-28 02:00:11'),(744,57,36,'Нравится!','2025-05-27 02:00:11'),(745,77,76,'Люблю такую цветовую палитру.','2025-04-18 02:00:11'),(746,150,72,'Вау!','2025-03-20 02:00:11'),(747,119,75,'Это круто!','2025-05-24 02:00:11'),(748,78,38,'Это круто!','2025-03-05 02:00:11'),(749,79,21,'Шикарно нарисовано','2025-03-05 02:00:11'),(750,106,20,'Супер, продолжай в том же духе!','2025-05-08 02:00:11'),(751,91,18,'Очень вдохновляюще!','2025-05-31 02:00:11'),(752,132,27,'Вау!','2025-05-14 02:00:11'),(753,67,41,'❤','2025-04-23 02:00:11'),(754,80,68,'Очень вдохновляюще!','2025-03-26 02:00:11'),(755,35,79,'Вау!','2025-05-10 02:00:11'),(756,79,49,'Супер, продолжай в том же духе!','2025-04-16 02:00:11'),(757,43,75,'Это круто!','2025-04-26 02:00:11'),(758,86,77,'Сильно','2025-03-26 02:00:11'),(759,119,77,'Сюжет интересный.','2025-03-30 02:00:11'),(760,31,73,'Вау!','2025-03-24 02:00:11'),(761,34,33,'Это круто!','2025-06-01 02:00:11'),(762,119,32,'Глубоко тронуло','2025-04-29 02:00:11'),(763,57,69,'Нравится!','2025-04-16 02:00:11'),(764,140,78,'Супер, продолжай в том же духе!','2025-03-24 02:00:11'),(765,115,43,'Это круто!','2025-05-09 02:00:11'),(766,154,36,'Нравится!','2025-04-29 02:00:11'),(767,106,51,'Очень атмосферно.','2025-04-14 02:00:11'),(768,143,67,'Супер, продолжай в том же духе!','2025-05-14 02:00:11'),(769,85,26,'Нравится!','2025-05-25 02:00:11'),(770,66,30,'Вау!','2025-05-06 02:00:11'),(771,48,34,'Люблю такую цветовую палитру.','2025-05-11 02:00:11'),(772,68,38,'Невероятная работа','2025-05-24 02:00:11'),(773,45,65,'Сюжет интересный.','2025-05-25 02:00:11'),(774,134,47,'Сильно','2025-03-20 02:00:11'),(775,46,68,'Люблю такую цветовую палитру.','2025-04-18 02:00:11'),(776,41,22,'Это круто!','2025-05-07 02:00:11'),(777,39,28,'❤','2025-04-25 02:00:11'),(778,109,69,'Супер, продолжай в том же духе!','2025-05-09 02:00:11'),(779,154,41,'Сильно','2025-06-01 02:00:11'),(780,40,27,'Невероятная работа','2025-05-24 02:00:11'),(781,106,63,'Сюжет интересный.','2025-03-24 02:00:11'),(782,79,57,'Нравится!','2025-04-11 02:00:11'),(783,60,56,'Классная работа!','2025-03-21 02:00:11'),(784,138,77,'❤','2025-05-03 02:00:11'),(785,40,26,'Сильно','2025-03-19 02:00:11'),(786,99,70,'Сильно','2025-04-28 02:00:11'),(787,152,53,'Сильно','2025-03-04 02:00:11'),(788,128,57,'Супер, продолжай в том же духе!','2025-03-23 02:00:11'),(789,56,74,'Нравится!','2025-05-27 02:00:11'),(790,113,61,'Сильно','2025-05-14 02:00:11'),(791,122,30,'Сильно','2025-03-03 02:00:11'),(792,90,78,'Это круто!','2025-04-25 02:00:11'),(793,85,48,'Сюжет интересный.','2025-05-14 02:00:11'),(794,53,34,'Невероятная работа','2025-05-07 02:00:11'),(795,108,25,'Сильно','2025-03-06 02:00:11'),(796,96,51,'Очень вдохновляюще!','2025-05-02 02:00:11'),(797,134,54,'Нравится!','2025-04-03 02:00:11'),(798,130,71,'Классная работа!','2025-04-20 02:00:11'),(799,151,21,'Шикарно нарисовано','2025-04-16 02:00:11'),(800,49,26,'Сюжет интересный.','2025-03-28 02:00:11'),(801,156,33,'Вау!','2025-05-19 02:00:11'),(802,110,44,'Супер, продолжай в том же духе!','2025-03-11 02:00:11'),(803,77,29,'Глубоко тронуло','2025-04-04 02:00:11'),(804,123,31,'Шикарно нарисовано','2025-05-08 02:00:11'),(805,143,36,'Супер, продолжай в том же духе!','2025-04-02 02:00:11'),(806,148,49,'Вау!','2025-05-15 02:00:11'),(807,83,20,'Люблю такую цветовую палитру.','2025-03-18 02:00:11'),(808,85,22,'Невероятная работа','2025-05-02 02:00:11'),(809,89,77,'❤','2025-03-04 02:00:11'),(810,69,59,'Сильно','2025-03-08 02:00:11'),(811,131,76,'Шикарно нарисовано','2025-04-25 02:00:11'),(812,45,75,'Сильно','2025-05-03 02:00:11'),(813,108,39,'Нравится!','2025-04-12 02:00:11'),(814,51,76,'Очень атмосферно.','2025-05-18 02:00:11'),(815,132,20,'Вау!','2025-05-03 02:00:11'),(816,107,76,'Очень атмосферно.','2025-03-13 02:00:11'),(817,110,68,'Сюжет интересный.','2025-03-30 02:00:11'),(818,136,35,'Глубоко тронуло','2025-04-05 02:00:11'),(819,128,21,'Шикарно нарисовано','2025-03-10 02:00:11'),(820,72,34,'Сюжет интересный.','2025-03-10 02:00:11'),(821,92,33,'Это круто!','2025-03-17 02:00:11'),(822,40,66,'Сильно','2025-04-06 02:00:11'),(823,118,43,'Сюжет интересный.','2025-04-22 02:00:11'),(824,32,56,'Классная работа!','2025-05-16 02:00:11'),(825,91,70,'❤','2025-04-13 02:00:11'),(826,93,68,'Сюжет интересный.','2025-04-12 02:00:11'),(827,112,72,'Глубоко тронуло','2025-05-03 02:00:11'),(828,122,23,'Глубоко тронуло','2025-03-31 02:00:11'),(829,51,28,'Очень вдохновляюще!','2025-05-28 02:00:11'),(830,86,71,'❤','2025-03-03 02:00:11'),(831,29,62,'Глубоко тронуло','2025-03-29 02:00:11'),(832,122,77,'Это круто!','2025-04-23 02:00:11'),(833,112,37,'Нравится!','2025-03-23 02:00:11'),(834,56,29,'❤','2025-05-17 02:00:11'),(835,155,34,'Нравится!','2025-03-17 02:00:11'),(836,74,25,'Очень вдохновляюще!','2025-03-27 02:00:11'),(837,56,45,'Сюжет интересный.','2025-03-28 02:00:11'),(838,32,18,'❤','2025-05-09 02:00:11'),(839,35,39,'Сюжет интересный.','2025-05-29 02:00:11'),(840,114,36,'Классная работа!','2025-03-23 02:00:11'),(841,33,71,'Очень вдохновляюще!','2025-03-30 02:00:11'),(842,95,65,'Невероятная работа','2025-04-03 02:00:11'),(843,52,77,'Люблю такую цветовую палитру.','2025-05-26 02:00:11'),(844,103,18,'Это круто!','2025-05-11 02:00:11'),(845,50,65,'❤','2025-05-26 02:00:11'),(846,110,28,'Очень атмосферно.','2025-04-04 02:00:11'),(847,132,22,'❤','2025-04-10 02:00:11'),(848,59,41,'❤','2025-05-05 02:00:11'),(849,113,26,'Глубоко тронуло','2025-05-03 02:00:11'),(850,132,31,'❤','2025-04-21 02:00:11'),(851,80,48,'Это круто!','2025-04-17 02:00:11'),(852,66,61,'Вау!','2025-04-28 02:00:11'),(853,41,46,'Невероятная работа','2025-04-24 02:00:11'),(854,145,75,'Нравится!','2025-03-09 02:00:11'),(855,83,50,'❤','2025-03-31 02:00:11'),(856,66,45,'Очень атмосферно.','2025-03-04 02:00:11'),(857,119,51,'Это круто!','2025-03-11 02:00:11'),(858,91,25,'Сюжет интересный.','2025-04-16 02:00:11'),(859,139,64,'Это круто!','2025-03-08 02:00:11'),(860,113,63,'Глубоко тронуло','2025-06-01 02:00:11'),(861,116,60,'❤','2025-03-13 02:00:11'),(862,88,54,'Классная работа!','2025-05-13 02:00:11'),(863,110,23,'Очень вдохновляюще!','2025-05-30 02:00:11'),(864,89,52,'Это круто!','2025-05-17 02:00:11'),(865,101,77,'Очень вдохновляюще!','2025-03-17 02:00:11'),(866,123,28,'Люблю такую цветовую палитру.','2025-04-25 02:00:11'),(867,111,36,'Нравится!','2025-05-17 02:00:11'),(868,36,48,'Очень вдохновляюще!','2025-03-30 02:00:11'),(869,46,20,'Сильно','2025-03-04 02:00:11'),(870,122,55,'Очень вдохновляюще!','2025-03-22 02:00:11'),(871,129,31,'Это круто!','2025-03-19 02:00:11'),(872,56,36,'Супер, продолжай в том же духе!','2025-04-19 02:00:11'),(873,91,42,'Шикарно нарисовано','2025-05-17 02:00:11'),(874,75,65,'Классная работа!','2025-04-11 02:00:11'),(875,56,35,'Шикарно нарисовано','2025-04-16 02:00:11'),(876,156,41,'Очень атмосферно.','2025-05-13 02:00:11'),(877,58,47,'Очень вдохновляюще!','2025-03-23 02:00:11'),(878,42,21,'Нравится!','2025-05-30 02:00:11'),(879,33,44,'Очень атмосферно.','2025-05-04 02:00:11'),(880,91,71,'Люблю такую цветовую палитру.','2025-03-21 02:00:11'),(881,102,72,'Очень атмосферно.','2025-05-25 02:00:11'),(882,59,60,'❤','2025-04-04 02:00:11'),(883,82,60,'Глубоко тронуло','2025-05-25 02:00:11'),(884,134,72,'Супер, продолжай в том же духе!','2025-06-01 02:00:11'),(885,99,25,'Очень вдохновляюще!','2025-05-05 02:00:11'),(886,102,32,'Классная работа!','2025-05-02 02:00:11'),(887,64,19,'Сильно','2025-05-28 02:00:11'),(888,41,52,'Вау!','2025-05-27 02:00:11'),(889,127,57,'Сильно','2025-04-25 02:00:11'),(890,37,69,'Нравится!','2025-04-21 02:00:11'),(891,48,71,'Супер, продолжай в том же духе!','2025-03-30 02:00:11'),(892,138,38,'Очень атмосферно.','2025-03-13 02:00:11'),(893,58,70,'❤','2025-04-27 02:00:11'),(894,104,76,'Сюжет интересный.','2025-05-08 02:00:11'),(895,98,72,'Это круто!','2025-05-10 02:00:11'),(896,87,78,'Супер, продолжай в том же духе!','2025-05-21 02:00:11'),(897,38,35,'Люблю такую цветовую палитру.','2025-05-22 02:00:11'),(898,54,21,'Вау!','2025-05-09 02:00:11'),(899,55,50,'Сюжет интересный.','2025-05-27 02:00:11'),(900,67,47,'Шикарно нарисовано','2025-04-30 02:00:11'),(901,47,22,'Это круто!','2025-04-17 02:00:11'),(902,43,38,'Сильно','2025-04-08 02:00:11'),(903,150,69,'Люблю такую цветовую палитру.','2025-03-13 02:00:11'),(904,101,36,'Люблю такую цветовую палитру.','2025-05-05 02:00:11'),(905,27,24,'Очень вдохновляюще!','2025-03-10 02:00:11'),(906,78,20,'❤','2025-03-26 02:00:11'),(907,59,37,'Нравится!','2025-03-13 02:00:11'),(908,56,21,'Нравится!','2025-03-12 02:00:11'),(909,37,75,'Классная работа!','2025-05-05 02:00:11'),(910,97,39,'Невероятная работа','2025-05-27 02:00:11'),(911,68,63,'Очень вдохновляюще!','2025-04-17 02:00:11'),(912,49,66,'Невероятная работа','2025-04-02 02:00:11'),(913,113,72,'Люблю такую цветовую палитру.','2025-03-05 02:00:11'),(914,133,72,'Супер, продолжай в том же духе!','2025-04-12 02:00:11'),(915,103,65,'Невероятная работа','2025-04-08 02:00:11'),(916,67,60,'Люблю такую цветовую палитру.','2025-05-30 02:00:11'),(917,149,25,'❤','2025-04-07 02:00:11'),(918,44,44,'Невероятная работа','2025-04-16 02:00:11'),(919,140,41,'Очень атмосферно.','2025-03-11 02:00:11'),(920,41,29,'Вау!','2025-05-24 02:00:11'),(921,62,59,'Нравится!','2025-03-18 02:00:11'),(922,91,78,'Сильно','2025-04-10 02:00:11'),(923,74,62,'Очень вдохновляюще!','2025-03-26 02:00:11'),(924,88,43,'Очень вдохновляюще!','2025-04-13 02:00:11'),(925,92,28,'Это круто!','2025-05-13 02:00:11'),(926,96,77,'Нравится!','2025-05-01 02:00:11'),(927,72,32,'Сильно','2025-05-26 02:00:11'),(928,108,59,'Классная работа!','2025-03-22 02:00:11'),(929,134,28,'Классная работа!','2025-05-31 02:00:11'),(930,93,23,'Шикарно нарисовано','2025-04-25 02:00:11'),(931,144,31,'Люблю такую цветовую палитру.','2025-03-21 02:00:11'),(932,77,75,'Очень атмосферно.','2025-04-01 02:00:11'),(933,39,23,'Очень атмосферно.','2025-05-21 02:00:11'),(934,47,36,'Невероятная работа','2025-04-03 02:00:11'),(935,58,68,'Очень вдохновляюще!','2025-04-24 02:00:11'),(936,73,41,'Сюжет интересный.','2025-04-07 02:00:11'),(937,86,33,'❤','2025-03-05 02:00:11'),(938,127,67,'Невероятная работа','2025-03-19 02:00:11'),(939,137,55,'Люблю такую цветовую палитру.','2025-05-09 02:00:11'),(940,84,54,'Сюжет интересный.','2025-03-17 02:00:11'),(941,154,38,'Вау!','2025-04-11 02:00:11'),(942,138,66,'Классная работа!','2025-04-01 02:00:11'),(943,149,70,'❤','2025-05-04 02:00:11'),(944,125,59,'Люблю такую цветовую палитру.','2025-04-01 02:00:11'),(945,60,27,'Сюжет интересный.','2025-03-28 02:00:11'),(946,125,55,'Нравится!','2025-03-10 02:00:11'),(947,96,35,'Сильно','2025-03-10 02:00:11'),(948,94,43,'Сильно','2025-04-15 02:00:11'),(949,72,66,'Сюжет интересный.','2025-05-28 02:00:11'),(950,156,74,'❤','2025-05-17 02:00:11'),(951,133,41,'Вау!','2025-04-15 02:00:11'),(952,80,51,'Это круто!','2025-03-22 02:00:11'),(953,142,74,'Супер, продолжай в том же духе!','2025-05-07 02:00:11'),(954,124,41,'Супер, продолжай в том же духе!','2025-03-10 02:00:11'),(955,151,25,'Классная работа!','2025-05-17 02:00:11'),(956,131,27,'Нравится!','2025-04-14 02:00:11'),(957,50,77,'Вау!','2025-04-19 02:00:11'),(958,71,73,'Глубоко тронуло','2025-04-14 02:00:11'),(959,75,58,'Сильно','2025-03-21 02:00:11'),(960,126,46,'Вау!','2025-03-12 02:00:11'),(961,32,67,'Люблю такую цветовую палитру.','2025-03-12 02:00:11'),(962,44,46,'Нравится!','2025-04-17 02:00:11'),(963,103,77,'Сильно','2025-03-17 02:00:11'),(964,42,60,'Вау!','2025-05-11 02:00:11'),(965,67,54,'Шикарно нарисовано','2025-04-18 02:00:11'),(966,74,28,'Глубоко тронуло','2025-04-12 02:00:11'),(967,31,70,'Очень атмосферно.','2025-03-29 02:00:11'),(968,99,34,'Классная работа!','2025-04-06 02:00:11'),(969,46,19,'Классная работа!','2025-04-25 02:00:11'),(970,63,27,'Шикарно нарисовано','2025-03-12 02:00:11'),(971,84,53,'Сюжет интересный.','2025-05-29 02:00:11'),(972,146,45,'Сильно','2025-04-15 02:00:11'),(973,83,27,'Люблю такую цветовую палитру.','2025-03-25 02:00:11'),(974,55,34,'Очень атмосферно.','2025-05-30 02:00:11'),(975,133,60,'Сюжет интересный.','2025-04-08 02:00:11'),(976,111,66,'Нравится!','2025-05-19 02:00:11'),(977,74,19,'Невероятная работа','2025-03-24 02:00:11'),(978,70,45,'Глубоко тронуло','2025-04-01 02:00:11'),(979,122,28,'Классная работа!','2025-05-09 02:00:11'),(980,151,65,'Шикарно нарисовано','2025-03-09 02:00:11'),(981,101,64,'Сюжет интересный.','2025-03-29 02:00:11'),(982,36,65,'Люблю такую цветовую палитру.','2025-03-27 02:00:11'),(983,80,61,'Сюжет интересный.','2025-04-28 02:00:11'),(984,68,65,'Это круто!','2025-05-07 02:00:11'),(985,39,32,'Нравится!','2025-03-17 02:00:11'),(986,61,34,'Сильно','2025-03-03 02:00:11'),(987,27,48,'Сильно','2025-05-30 02:00:11'),(988,111,71,'Это круто!','2025-03-09 02:00:11'),(989,31,56,'Очень атмосферно.','2025-05-03 02:00:11'),(990,148,29,'Шикарно нарисовано','2025-03-20 02:00:11'),(991,97,32,'Классная работа!','2025-05-10 02:00:11'),(992,88,51,'Вау!','2025-03-08 02:00:11'),(993,32,31,'Очень вдохновляюще!','2025-05-30 02:00:11'),(994,41,58,'Вау!','2025-05-25 02:00:11'),(995,104,53,'Очень вдохновляюще!','2025-04-15 02:00:11'),(996,123,50,'Люблю такую цветовую палитру.','2025-05-20 02:00:11'),(997,52,46,'Классная работа!','2025-05-11 02:00:11'),(998,81,56,'Глубоко тронуло','2025-03-17 02:00:11'),(999,152,61,'Это круто!','2025-05-17 02:00:11'),(1000,149,46,'Это круто!','2025-04-08 02:00:11'),(1001,155,52,'Очень атмосферно.','2025-03-21 02:00:11'),(1002,125,65,'Сюжет интересный.','2025-05-20 02:00:11'),(1003,93,19,'Невероятная работа','2025-04-17 02:00:11'),(1004,99,28,'Классная работа!','2025-03-19 02:00:11'),(1005,46,26,'Классная работа!','2025-05-01 02:00:11'),(1006,34,29,'Люблю такую цветовую палитру.','2025-05-03 02:00:11'),(1007,84,41,'Шикарно нарисовано','2025-04-02 02:00:11'),(1008,47,30,'Шикарно нарисовано','2025-03-13 02:00:11'),(1009,124,62,'Очень вдохновляюще!','2025-03-16 02:00:11'),(1010,89,69,'Сюжет интересный.','2025-05-26 02:00:11'),(1011,144,38,'Глубоко тронуло','2025-05-13 02:00:11'),(1012,63,26,'Очень атмосферно.','2025-03-12 02:00:11'),(1013,130,22,'❤','2025-03-07 02:00:11'),(1014,33,22,'Очень атмосферно.','2025-05-27 02:00:11'),(1015,84,43,'Классная работа!','2025-04-22 02:00:11'),(1016,64,21,'Невероятная работа','2025-03-25 02:00:11'),(1017,152,20,'Очень атмосферно.','2025-04-06 02:00:11'),(1018,96,26,'Глубоко тронуло','2025-04-26 02:00:11'),(1019,139,25,'Вау!','2025-05-28 02:00:11'),(1020,146,21,'Глубоко тронуло','2025-03-03 02:00:11'),(1021,134,42,'Шикарно нарисовано','2025-03-23 02:00:11'),(1022,79,45,'Классная работа!','2025-03-18 02:00:11'),(1023,78,73,'Невероятная работа','2025-03-11 02:00:11'),(1024,68,66,'Это круто!','2025-04-13 02:00:11'),(1025,56,44,'Классная работа!','2025-05-31 02:00:11'),(1026,44,36,'Люблю такую цветовую палитру.','2025-03-26 02:00:11'),(1027,113,34,'Сюжет интересный.','2025-03-27 02:00:11'),(1028,93,51,'Невероятная работа','2025-03-13 02:00:11'),(1029,101,70,'❤','2025-05-30 02:00:11'),(1030,108,23,'Очень вдохновляюще!','2025-05-27 02:00:11'),(1031,61,63,'Нравится!','2025-03-25 02:00:11'),(1032,41,51,'Невероятная работа','2025-04-13 02:00:11'),(1033,82,42,'❤','2025-03-04 02:00:11'),(1034,83,54,'Невероятная работа','2025-03-06 02:00:11'),(1035,89,62,'Очень атмосферно.','2025-03-13 02:00:11'),(1036,73,48,'Сюжет интересный.','2025-04-03 02:00:11'),(1037,151,63,'Классная работа!','2025-03-28 02:00:11'),(1038,78,37,'Сюжет интересный.','2025-05-15 02:00:11'),(1039,41,43,'Классная работа!','2025-03-22 02:00:11'),(1040,91,62,'Нравится!','2025-04-16 02:00:11'),(1041,86,36,'Это круто!','2025-03-27 02:00:11'),(1042,151,77,'Супер, продолжай в том же духе!','2025-04-10 02:00:11'),(1043,43,63,'Шикарно нарисовано','2025-03-24 02:00:11'),(1044,91,51,'Это круто!','2025-04-27 02:00:11'),(1045,47,72,'Вау!','2025-03-29 02:00:11'),(1046,117,72,'Глубоко тронуло','2025-03-13 02:00:11'),(1047,98,40,'Супер, продолжай в том же духе!','2025-05-28 02:00:11'),(1048,59,18,'Невероятная работа','2025-04-16 02:00:11'),(1049,131,78,'Супер, продолжай в том же духе!','2025-06-01 02:00:11'),(1050,132,52,'Очень атмосферно.','2025-03-19 02:00:11'),(1051,78,63,'Нравится!','2025-04-01 02:00:11'),(1052,141,19,'Классная работа!','2025-03-20 02:00:11'),(1053,87,79,'Глубоко тронуло','2025-05-03 02:00:11'),(1054,128,68,'Вау!','2025-05-31 02:00:11'),(1055,141,41,'Вау!','2025-05-30 02:00:11'),(1056,110,60,'Супер, продолжай в том же духе!','2025-05-30 02:00:11'),(1057,63,58,'Сильно','2025-05-04 02:00:11'),(1058,127,18,'Вау!','2025-04-04 02:00:11'),(1059,145,65,'Шикарно нарисовано','2025-05-24 02:00:11'),(1060,138,32,'Люблю такую цветовую палитру.','2025-05-16 02:00:11'),(1061,84,44,'Классная работа!','2025-03-06 02:00:11'),(1062,69,76,'Сильно','2025-05-29 02:00:11'),(1063,136,53,'Вау!','2025-04-26 02:00:11'),(1064,36,22,'Очень вдохновляюще!','2025-03-28 02:00:11'),(1065,58,37,'Это круто!','2025-04-22 02:00:11'),(1066,145,79,'Это круто!','2025-06-01 02:00:11'),(1067,150,67,'Нравится!','2025-04-18 02:00:11'),(1068,51,72,'Глубоко тронуло','2025-05-28 02:00:11'),(1069,128,75,'Глубоко тронуло','2025-03-20 02:00:11'),(1070,68,52,'Сильно','2025-04-15 02:00:11'),(1071,118,69,'❤','2025-03-04 02:00:11'),(1072,110,51,'Шикарно нарисовано','2025-05-29 02:00:11'),(1073,149,35,'Нравится!','2025-03-05 02:00:11'),(1074,114,77,'Глубоко тронуло','2025-03-15 02:00:11'),(1075,41,65,'Классная работа!','2025-03-28 02:00:11'),(1076,45,79,'Глубоко тронуло','2025-04-21 02:00:11'),(1077,139,19,'Классная работа!','2025-04-24 02:00:11'),(1078,65,39,'Сюжет интересный.','2025-03-22 02:00:11'),(1079,139,47,'Вау!','2025-05-12 02:00:11'),(1080,155,53,'Невероятная работа','2025-05-27 02:00:11'),(1081,111,20,'Сильно','2025-05-11 02:00:11'),(1082,104,71,'Вау!','2025-03-19 02:00:11'),(1083,64,61,'Сильно','2025-03-11 02:00:11'),(1084,117,25,'❤','2025-03-20 02:00:11'),(1085,152,64,'Очень вдохновляюще!','2025-05-13 02:00:11'),(1086,119,19,'Очень атмосферно.','2025-03-25 02:00:11'),(1087,111,62,'Классная работа!','2025-03-13 02:00:11'),(1088,131,39,'Сильно','2025-05-16 02:00:11'),(1089,45,54,'Супер, продолжай в том же духе!','2025-04-14 02:00:11'),(1090,58,55,'Шикарно нарисовано','2025-05-01 02:00:11'),(1091,122,22,'❤','2025-03-19 02:00:11'),(1092,71,61,'Супер, продолжай в том же духе!','2025-03-19 02:00:11'),(1093,84,40,'Сюжет интересный.','2025-03-19 02:00:11'),(1094,141,55,'Вау!','2025-04-03 02:00:11'),(1095,76,76,'Это круто!','2025-04-21 02:00:11'),(1096,45,31,'Это круто!','2025-03-16 02:00:11'),(1097,112,53,'Нравится!','2025-05-29 02:00:11'),(1098,123,73,'Люблю такую цветовую палитру.','2025-03-19 02:00:11'),(1099,147,79,'Шикарно нарисовано','2025-05-03 02:00:11'),(1100,82,40,'Нравится!','2025-05-28 02:00:11'),(1101,112,56,'Люблю такую цветовую палитру.','2025-04-19 02:00:11'),(1102,109,28,'Нравится!','2025-03-10 02:00:11'),(1103,46,66,'Невероятная работа','2025-03-07 02:00:11'),(1104,95,30,'❤','2025-04-06 02:00:11'),(1105,78,30,'Сильно','2025-03-17 02:00:11'),(1106,132,41,'Люблю такую цветовую палитру.','2025-03-26 02:00:11'),(1107,42,48,'Глубоко тронуло','2025-05-20 02:00:11'),(1108,139,37,'Это круто!','2025-03-05 02:00:11'),(1109,153,72,'Шикарно нарисовано','2025-05-07 02:00:11'),(1110,133,20,'Очень вдохновляюще!','2025-05-15 02:00:11'),(1111,61,43,'Нравится!','2025-03-09 02:00:11'),(1112,118,55,'Очень атмосферно.','2025-05-28 02:00:11'),(1113,28,72,'Очень атмосферно.','2025-03-26 02:00:11'),(1114,98,57,'Это круто!','2025-05-16 02:00:11'),(1115,46,39,'Шикарно нарисовано','2025-03-08 02:00:11'),(1116,133,47,'Сильно','2025-04-27 02:00:11'),(1117,70,67,'Очень вдохновляюще!','2025-04-17 02:00:11'),(1118,96,60,'Это круто!','2025-05-11 02:00:11'),(1119,87,74,'Нравится!','2025-05-31 02:00:11'),(1120,76,48,'Очень атмосферно.','2025-05-20 02:00:11'),(1121,92,20,'Люблю такую цветовую палитру.','2025-03-13 02:00:11'),(1122,39,71,'Сильно','2025-04-02 02:00:11'),(1123,79,37,'Люблю такую цветовую палитру.','2025-04-20 02:00:11'),(1124,89,71,'❤','2025-04-18 02:00:11'),(1125,69,21,'❤','2025-03-20 02:00:11'),(1126,64,23,'Супер, продолжай в том же духе!','2025-05-09 02:00:11'),(1127,153,63,'Шикарно нарисовано','2025-04-11 02:00:11'),(1128,123,54,'Люблю такую цветовую палитру.','2025-03-03 02:00:11'),(1129,57,43,'Классная работа!','2025-04-10 02:00:11'),(1130,149,65,'Вау!','2025-03-10 02:00:11'),(1131,139,44,'Нравится!','2025-03-19 02:00:11'),(1132,145,27,'Это круто!','2025-04-01 02:00:11'),(1133,154,57,'Очень вдохновляюще!','2025-04-28 02:00:11'),(1134,112,64,'Шикарно нарисовано','2025-05-20 02:00:11'),(1135,50,25,'Нравится!','2025-04-18 02:00:11'),(1136,111,76,'Классная работа!','2025-03-05 02:00:11'),(1137,157,25,'Вау!','2025-03-14 02:00:11'),(1138,34,56,'Супер, продолжай в том же духе!','2025-03-19 02:00:11'),(1139,84,68,'Вау!','2025-05-30 02:00:11'),(1140,59,33,'Невероятная работа','2025-04-21 02:00:11'),(1141,38,31,'Очень вдохновляюще!','2025-06-01 02:00:11'),(1142,117,19,'Нравится!','2025-04-25 02:00:11'),(1143,48,21,'Люблю такую цветовую палитру.','2025-04-20 02:00:11'),(1144,123,20,'Сильно','2025-04-04 02:00:11'),(1145,50,28,'Сюжет интересный.','2025-04-07 02:00:11'),(1146,76,78,'Классная работа!','2025-03-18 02:00:11'),(1147,121,47,'Невероятная работа','2025-05-02 02:00:11'),(1148,104,39,'Сюжет интересный.','2025-03-25 02:00:11'),(1149,128,58,'Классная работа!','2025-03-21 02:00:11'),(1150,156,22,'Нравится!','2025-03-26 02:00:11'),(1151,83,24,'Супер, продолжай в том же духе!','2025-05-14 02:00:11'),(1152,49,74,'Нравится!','2025-05-05 02:00:11'),(1153,32,70,'Очень вдохновляюще!','2025-04-27 02:00:11'),(1154,62,30,'Нравится!','2025-04-15 02:00:11'),(1155,42,35,'Нравится!','2025-03-15 02:00:11'),(1156,93,66,'Это круто!','2025-04-21 02:00:11'),(1157,97,71,'Классная работа!','2025-03-09 02:00:11'),(1158,105,62,'Невероятная работа','2025-05-13 02:00:11'),(1159,70,49,'Шикарно нарисовано','2025-04-06 02:00:11'),(1160,49,57,'Нравится!','2025-03-11 02:00:11'),(1161,96,24,'Люблю такую цветовую палитру.','2025-03-11 02:00:11'),(1162,73,22,'Шикарно нарисовано','2025-03-10 02:00:11'),(1163,57,44,'❤','2025-04-21 02:00:11'),(1164,110,73,'Сюжет интересный.','2025-05-14 02:00:11'),(1165,157,26,'Нравится!','2025-05-12 02:00:11'),(1166,63,69,'Сюжет интересный.','2025-04-08 02:00:11'),(1167,40,38,'Глубоко тронуло','2025-03-25 02:00:11'),(1168,129,34,'Сюжет интересный.','2025-03-28 02:00:11'),(1169,151,76,'Глубоко тронуло','2025-03-06 02:00:11'),(1170,69,29,'Супер, продолжай в том же духе!','2025-04-18 02:00:11'),(1171,133,75,'Глубоко тронуло','2025-03-17 02:00:11'),(1172,56,38,'Глубоко тронуло','2025-03-04 02:00:11'),(1173,88,67,'❤','2025-05-17 02:00:11'),(1174,69,64,'Невероятная работа','2025-03-05 02:00:11'),(1175,146,30,'❤','2025-04-02 02:00:11'),(1176,38,27,'Сильно','2025-04-22 02:00:11'),(1177,45,77,'Сильно','2025-04-22 02:00:11'),(1178,50,61,'Супер, продолжай в том же духе!','2025-03-06 02:00:11'),(1179,125,57,'Вау!','2025-05-20 02:00:11'),(1180,40,67,'Глубоко тронуло','2025-03-09 02:00:11'),(1181,53,48,'Это круто!','2025-05-21 02:00:11'),(1182,157,36,'Невероятная работа','2025-04-25 02:00:11'),(1183,55,56,'Сильно','2025-04-04 02:00:11'),(1184,43,39,'Супер, продолжай в том же духе!','2025-03-12 02:00:11'),(1185,90,65,'Глубоко тронуло','2025-05-06 02:00:11'),(1186,55,20,'Очень атмосферно.','2025-04-19 02:00:11'),(1187,139,29,'Очень атмосферно.','2025-03-18 02:00:11'),(1188,30,25,'Сюжет интересный.','2025-03-18 02:00:11'),(1189,86,19,'Вау!','2025-04-12 02:00:11'),(1190,110,22,'Очень атмосферно.','2025-04-01 02:00:11'),(1191,88,35,'Вау!','2025-04-10 02:00:11'),(1192,31,24,'Люблю такую цветовую палитру.','2025-05-14 02:00:11'),(1193,43,50,'Классная работа!','2025-04-17 02:00:11'),(1194,30,30,'Это круто!','2025-04-10 02:00:11'),(1195,116,37,'Сильно','2025-05-30 02:00:11'),(1196,51,70,'Нравится!','2025-05-19 02:00:11'),(1197,125,22,'Очень вдохновляюще!','2025-03-05 02:00:11'),(1198,40,45,'Люблю такую цветовую палитру.','2025-04-25 02:00:11'),(1199,154,25,'Сильно','2025-05-08 02:00:11'),(1200,83,78,'Нравится!','2025-04-21 02:00:11'),(1201,137,56,'Нравится!','2025-05-05 02:00:11'),(1202,29,69,'Глубоко тронуло','2025-05-13 02:00:11'),(1203,120,46,'Сюжет интересный.','2025-05-26 02:00:11'),(1204,53,45,'Очень атмосферно.','2025-05-20 02:00:11'),(1205,103,40,'Сюжет интересный.','2025-05-18 02:00:11'),(1206,32,49,'Очень вдохновляюще!','2025-04-22 02:00:11'),(1207,96,76,'❤','2025-03-30 02:00:11'),(1208,96,22,'Нравится!','2025-05-25 02:00:11'),(1209,59,24,'❤','2025-03-11 02:00:11'),(1210,104,75,'Глубоко тронуло','2025-04-13 02:00:11'),(1211,128,62,'Невероятная работа','2025-04-04 02:00:11'),(1212,128,22,'Очень атмосферно.','2025-04-30 02:00:11'),(1213,38,33,'Вау!','2025-05-03 02:00:11'),(1214,72,64,'Сильно','2025-05-31 02:00:11'),(1215,47,39,'Очень атмосферно.','2025-03-15 02:00:11'),(1216,81,44,'Невероятная работа','2025-05-28 02:00:11'),(1217,54,54,'Это круто!','2025-03-23 02:00:11'),(1218,32,68,'Глубоко тронуло','2025-04-01 02:00:11'),(1219,114,52,'Сильно','2025-04-24 02:00:11'),(1220,132,65,'Шикарно нарисовано','2025-05-01 02:00:11'),(1221,35,61,'❤','2025-03-22 02:00:11'),(1222,61,47,'Очень атмосферно.','2025-04-10 02:00:11'),(1223,70,59,'Нравится!','2025-05-15 02:00:11'),(1224,126,55,'Это круто!','2025-03-30 02:00:11'),(1225,51,44,'Это круто!','2025-04-22 02:00:11'),(1226,33,66,'Сюжет интересный.','2025-05-30 02:00:11'),(1227,127,40,'Люблю такую цветовую палитру.','2025-03-21 02:00:11'),(1228,37,67,'Сильно','2025-04-04 02:00:11'),(1229,42,71,'Сильно','2025-04-21 02:00:11'),(1230,115,66,'Сильно','2025-04-27 02:00:11'),(1231,30,68,'Очень вдохновляюще!','2025-04-30 02:00:11'),(1232,49,62,'Это круто!','2025-05-09 02:00:11'),(1233,154,53,'Сильно','2025-04-04 02:00:11'),(1234,115,37,'Классная работа!','2025-04-10 02:00:11'),(1235,141,29,'Супер, продолжай в том же духе!','2025-03-09 02:00:11'),(1236,54,78,'❤','2025-04-05 02:00:11'),(1237,39,49,'Классная работа!','2025-05-15 02:00:11'),(1238,112,79,'Очень атмосферно.','2025-05-14 02:00:11'),(1239,69,65,'Вау!','2025-03-25 02:00:11'),(1240,97,18,'Невероятная работа','2025-03-12 02:00:11'),(1241,51,22,'Сюжет интересный.','2025-05-05 02:00:11'),(1242,81,45,'Шикарно нарисовано','2025-05-07 02:00:11'),(1243,126,49,'Нравится!','2025-05-27 02:00:11'),(1244,68,75,'Очень вдохновляюще!','2025-05-20 02:00:11'),(1245,31,49,'Супер, продолжай в том же духе!','2025-03-15 02:00:11'),(1246,77,31,'Шикарно нарисовано','2025-04-11 02:00:11'),(1247,127,37,'Классная работа!','2025-03-15 02:00:11'),(1248,126,27,'Это круто!','2025-05-20 02:00:11'),(1249,150,63,'Классная работа!','2025-03-22 02:00:11'),(1250,99,53,'Невероятная работа','2025-03-30 02:00:11'),(1251,136,76,'Сильно','2025-03-11 02:00:11'),(1252,140,59,'Супер, продолжай в том же духе!','2025-05-11 02:00:11'),(1253,120,19,'Очень классно вышло!','2025-06-16 17:15:16'),(1254,120,19,'очень приятные цвета!','2025-06-16 17:18:12');
/*!40000 ALTER TABLE `artwork_comments` ENABLE KEYS */;
UNLOCK TABLES;

--
-- Table structure for table `artwork_likes`
--

DROP TABLE IF EXISTS `artwork_likes`;
/*!40101 SET @saved_cs_client     = @@character_set_client */;
/*!50503 SET character_set_client = utf8mb4 */;
CREATE TABLE `artwork_likes` (
  `LikeID` int NOT NULL AUTO_INCREMENT,
  `ArtworkID` int NOT NULL,
  `UserID` int NOT NULL,
  PRIMARY KEY (`LikeID`),
  UNIQUE KEY `ArtworkID` (`ArtworkID`,`UserID`),
  KEY `UserID` (`UserID`),
  CONSTRAINT `artwork_likes_ibfk_1` FOREIGN KEY (`ArtworkID`) REFERENCES `artwork` (`ArtworkID`) ON DELETE CASCADE,
  CONSTRAINT `artwork_likes_ibfk_2` FOREIGN KEY (`UserID`) REFERENCES `users` (`UserID`) ON DELETE CASCADE
) ENGINE=InnoDB AUTO_INCREMENT=1383 DEFAULT CHARSET=utf8mb4 COLLATE=utf8mb4_0900_ai_ci;
/*!40101 SET character_set_client = @saved_cs_client */;

--
-- Dumping data for table `artwork_likes`
--

LOCK TABLES `artwork_likes` WRITE;
/*!40000 ALTER TABLE `artwork_likes` DISABLE KEYS */;
INSERT INTO `artwork_likes` VALUES (439,27,21),(1019,27,24),(560,27,29),(1101,27,48),(553,27,51),(815,27,72),(785,28,21),(534,28,46),(531,28,59),(528,28,65),(651,28,71),(1227,28,72),(520,29,30),(857,29,36),(438,29,58),(945,29,62),(454,29,63),(1316,29,69),(460,29,72),(436,29,74),(1302,30,25),(1308,30,30),(610,30,37),(673,30,52),(709,30,60),(1345,30,68),(658,30,70),(609,30,74),(459,30,78),(1306,31,24),(564,31,25),(586,31,47),(776,31,48),(1359,31,49),(1103,31,56),(551,31,59),(602,31,67),(1081,31,70),(874,31,73),(952,32,18),(801,32,22),(1107,32,31),(1320,32,49),(938,32,56),(1075,32,67),(1332,32,68),(1267,32,70),(714,33,18),(656,33,20),(1128,33,22),(993,33,44),(1340,33,66),(955,33,71),(740,34,23),(1120,34,29),(475,34,32),(875,34,33),(851,34,34),(706,34,40),(1252,34,56),(503,34,77),(682,35,26),(698,35,38),(953,35,39),(566,35,45),(1335,35,61),(643,35,66),(720,35,76),(869,35,79),(1178,36,22),(982,36,48),(831,36,49),(1096,36,65),(812,36,72),(470,37,18),(824,37,30),(481,37,34),(530,37,40),(1342,37,67),(1004,37,69),(581,37,74),(1023,37,75),(689,38,20),(1290,38,27),(1255,38,31),(1327,38,33),(1011,38,35),(639,38,67),(1047,39,23),(891,39,28),(1099,39,32),(745,39,40),(693,39,45),(1351,39,49),(1236,39,71),(809,39,78),(700,40,20),(556,40,23),(899,40,26),(894,40,27),(1281,40,38),(1312,40,45),(782,40,46),(841,40,55),(936,40,66),(1294,40,67),(890,41,22),(1034,41,29),(1153,41,43),(967,41,46),(1146,41,51),(1002,41,52),(1108,41,58),(1189,41,65),(641,41,75),(992,42,21),(574,42,32),(810,42,33),(680,42,34),(1269,42,35),(1221,42,48),(1078,42,60),(448,42,62),(1343,42,71),(753,42,72),(655,43,24),(1016,43,38),(1298,43,39),(485,43,43),(1307,43,50),(1157,43,63),(871,43,75),(729,44,21),(441,44,30),(1140,44,36),(1032,44,44),(1076,44,46),(493,44,49),(675,44,74),(1210,45,31),(608,45,35),(666,45,39),(1203,45,54),(887,45,65),(926,45,75),(1291,45,77),(1190,45,79),(1083,46,19),(983,46,20),(1119,46,26),(1229,46,39),(718,46,44),(646,46,49),(603,46,53),(1217,46,66),(889,46,68),(1015,47,22),(1122,47,30),(578,47,35),(1048,47,36),(1329,47,39),(623,47,46),(589,47,53),(1159,47,72),(430,47,73),(1257,48,21),(632,48,23),(885,48,34),(707,48,41),(1005,48,71),(914,49,26),(511,49,36),(1274,49,57),(1346,49,62),(1026,49,66),(1266,49,74),(570,50,22),(1249,50,25),(1259,50,28),(854,50,32),(749,50,37),(1292,50,61),(959,50,65),(728,50,69),(1071,50,77),(435,51,21),(1355,51,22),(943,51,28),(642,51,33),(1339,51,44),(1310,51,70),(759,51,71),(1182,51,72),(928,51,76),(670,52,30),(1111,52,46),(650,52,52),(957,52,77),(819,53,18),(757,53,29),(908,53,34),(494,53,42),(1318,53,45),(1295,53,48),(428,53,56),(507,53,58),(719,53,77),(443,53,79),(1012,54,21),(496,54,29),(653,54,52),(1331,54,54),(434,54,64),(582,54,70),(1350,54,78),(1300,55,20),(823,55,33),(1088,55,34),(1013,55,50),(1297,55,56),(572,55,60),(701,55,67),(1022,56,21),(948,56,29),(469,56,31),(989,56,35),(986,56,36),(1286,56,38),(716,56,39),(1139,56,44),(951,56,45),(552,56,46),(604,56,52),(433,56,65),(471,56,66),(903,56,74),(594,57,23),(501,57,29),(858,57,36),(1243,57,43),(1277,57,44),(611,57,53),(455,57,57),(808,57,64),(877,57,69),(770,58,25),(738,58,28),(837,58,31),(1179,58,37),(526,58,41),(991,58,47),(580,58,48),(1204,58,55),(634,58,56),(1049,58,68),(1007,58,70),(735,58,79),(1162,59,18),(1323,59,24),(1254,59,33),(1021,59,37),(962,59,41),(767,59,48),(681,59,52),(996,59,60),(1059,60,27),(830,60,31),(897,60,56),(784,60,58),(783,60,67),(512,60,78),(431,61,23),(1100,61,34),(1225,61,43),(1336,61,47),(1145,61,63),(456,61,70),(1268,62,30),(778,62,32),(1035,62,59),(705,62,77),(1126,63,26),(1084,63,27),(702,63,33),(752,63,46),(450,63,56),(1171,63,58),(1280,63,69),(1001,64,19),(1130,64,21),(1240,64,23),(694,64,50),(1197,64,61),(631,65,23),(832,65,24),(440,65,37),(1192,65,39),(803,65,56),(792,65,79),(884,66,30),(652,66,44),(970,66,45),(772,66,47),(848,66,48),(966,66,61),(788,67,28),(867,67,41),(1014,67,47),(1079,67,54),(1030,67,60),(886,68,38),(1184,68,52),(1025,68,63),(1098,68,65),(1138,68,66),(1358,68,75),(1239,69,21),(1284,69,29),(924,69,59),(1288,69,64),(1353,69,65),(1176,69,76),(660,70,41),(1092,70,45),(1273,70,49),(466,70,55),(1337,70,59),(1231,70,67),(679,71,31),(529,71,35),(596,71,36),(555,71,38),(761,71,55),(1206,71,61),(1072,71,73),(1041,72,32),(934,72,34),(446,72,40),(685,72,45),(536,72,49),(1328,72,64),(1063,72,66),(1276,73,22),(468,73,30),(487,73,33),(1050,73,41),(756,73,45),(1150,73,48),(568,73,52),(457,73,61),(576,73,75),(1091,74,19),(491,74,24),(950,74,25),(1080,74,28),(449,74,32),(1037,74,62),(1073,75,58),(554,75,59),(988,75,65),(509,76,23),(748,76,27),(821,76,28),(444,76,34),(1234,76,48),(1209,76,76),(1260,76,78),(917,77,29),(1360,77,31),(734,77,59),(482,77,64),(1046,77,75),(859,77,76),(711,78,18),(1020,78,20),(606,78,22),(726,78,26),(1219,78,30),(1152,78,37),(862,78,38),(715,78,39),(800,78,41),(1165,78,63),(1137,78,73),(863,79,21),(617,79,31),(1237,79,37),(805,79,38),(1136,79,45),(845,79,47),(870,79,49),(896,79,57),(799,80,30),(965,80,48),(1066,80,51),(1097,80,61),(868,80,68),(856,80,71),(514,81,25),(828,81,35),(1330,81,44),(1356,81,45),(1112,81,56),(765,81,75),(1214,82,40),(1147,82,42),(997,82,60),(921,83,20),(1265,83,24),(1087,83,27),(523,83,31),(541,83,42),(722,83,43),(833,83,46),(755,83,49),(969,83,50),(1148,83,54),(1314,83,78),(1207,84,40),(1121,84,41),(1129,84,43),(1175,84,44),(1085,84,53),(1054,84,54),(773,84,56),(1253,84,68),(684,84,75),(498,84,79),(842,85,21),(922,85,22),(883,85,26),(781,85,36),(907,85,48),(1303,86,19),(1051,86,33),(1155,86,36),(637,86,55),(727,86,62),(944,86,71),(872,86,77),(521,87,18),(607,87,21),(585,87,68),(620,87,72),(1233,87,74),(678,87,75),(1010,87,78),(1167,87,79),(1305,88,35),(1038,88,43),(1106,88,51),(976,88,54),(579,88,61),(1287,88,67),(600,88,74),(544,88,78),(519,89,42),(737,89,46),(978,89,52),(769,89,59),(1149,89,62),(1124,89,69),(1238,89,71),(683,89,72),(923,89,77),(605,90,22),(1299,90,65),(906,90,78),(865,91,18),(537,91,21),(972,91,25),(427,91,39),(987,91,42),(779,91,49),(1158,91,51),(429,91,61),(1154,91,62),(939,91,70),(994,91,71),(1036,91,78),(1235,92,20),(1039,92,28),(593,92,29),(665,92,30),(935,92,33),(838,92,47),(591,92,70),(1117,93,19),(814,93,20),(1044,93,23),(793,93,35),(1142,93,51),(598,93,55),(640,93,62),(1270,93,66),(940,93,68),(774,94,33),(629,94,41),(1062,94,43),(667,94,54),(615,94,58),(462,94,60),(567,94,62),(847,94,67),(829,94,76),(1218,95,30),(688,95,34),(956,95,65),(686,95,71),(1322,96,22),(1275,96,24),(1132,96,26),(795,96,29),(775,96,32),(1061,96,35),(704,96,41),(840,96,44),(910,96,51),(1232,96,60),(750,96,73),(1321,96,76),(1040,96,77),(547,96,78),(1354,97,18),(1105,97,32),(1024,97,39),(1271,97,71),(695,98,32),(1161,98,40),(538,98,52),(1228,98,57),(1009,98,72),(999,99,25),(1118,99,28),(699,99,33),(1082,99,34),(583,99,41),(1364,99,53),(539,99,64),(900,99,70),(601,99,72),(633,100,50),(668,101,23),(1018,101,36),(508,101,55),(1095,101,64),(1143,101,70),(979,101,77),(588,102,22),(1000,102,32),(995,102,72),(467,102,77),(958,103,18),(453,103,25),(595,103,29),(697,103,34),(1319,103,40),(515,103,45),(725,103,48),(1029,103,65),(587,103,75),(1077,103,77),(477,104,18),(731,104,27),(542,104,30),(1262,104,39),(647,104,42),(627,104,51),(1109,104,53),(597,104,57),(758,104,65),(1196,104,71),(1324,104,75),(1008,104,76),(794,105,19),(618,105,44),(1272,105,62),(549,105,74),(619,106,18),(864,106,20),(881,106,51),(895,106,63),(447,106,78),(717,107,28),(930,107,76),(1144,108,23),(909,108,25),(786,108,37),(506,108,38),(927,108,39),(1042,108,59),(1216,109,28),(789,109,66),(892,109,69),(843,109,76),(517,109,78),(504,110,18),(1304,110,22),(977,110,23),(654,110,24),(960,110,28),(916,110,44),(834,110,48),(1186,110,51),(1170,110,60),(931,110,68),(850,110,69),(1278,110,73),(1195,111,20),(818,111,35),(981,111,36),(479,111,56),(696,111,59),(1201,111,62),(625,111,65),(1090,111,66),(1102,111,71),(1250,111,76),(638,112,25),(947,112,37),(1211,112,53),(1215,112,56),(1248,112,64),(941,112,72),(1352,112,79),(963,113,26),(768,113,29),(1141,113,34),(488,113,36),(904,113,61),(974,113,63),(557,113,64),(1027,113,72),(599,113,73),(954,114,36),(483,114,38),(1333,114,52),(545,114,61),(1188,114,77),(816,115,22),(628,115,23),(486,115,36),(1348,115,37),(879,115,43),(458,115,48),(1344,115,66),(621,115,72),(1309,116,37),(975,116,60),(1378,117,19),(1198,117,25),(550,117,35),(822,117,38),(766,117,67),(1160,117,72),(730,118,26),(497,118,30),(791,118,36),(465,118,42),(937,118,43),(543,118,45),(1226,118,55),(614,118,61),(747,118,68),(1185,118,69),(474,118,75),(1200,119,19),(876,119,32),(476,119,39),(971,119,51),(518,119,63),(861,119,75),(873,119,77),(1382,120,19),(513,120,22),(569,120,28),(1317,120,46),(1261,121,47),(820,121,59),(1205,122,22),(942,122,23),(1093,122,28),(905,122,30),(984,122,55),(846,122,65),(739,122,66),(946,122,77),(1258,123,20),(980,123,28),(918,123,31),(484,123,37),(692,123,40),(489,123,42),(1110,123,50),(1242,123,54),(1212,123,73),(804,124,18),(1068,124,41),(671,124,45),(669,124,51),(1123,124,62),(510,124,68),(1311,125,22),(853,125,27),(1060,125,55),(1293,125,57),(1058,125,59),(1116,125,65),(732,125,67),(565,125,70),(835,125,73),(1362,126,27),(664,126,41),(1074,126,46),(1357,126,49),(575,126,50),(806,126,52),(1338,126,55),(535,126,73),(1172,127,18),(592,127,24),(495,127,35),(1361,127,37),(1341,127,40),(1003,127,57),(1052,127,67),(933,128,21),(1326,128,22),(548,128,33),(723,128,49),(648,128,53),(902,128,57),(1263,128,58),(1325,128,62),(1168,128,68),(1183,128,75),(1367,128,79),(524,129,21),(985,129,31),(1282,129,34),(852,129,53),(817,129,63),(432,129,79),(1127,130,22),(480,130,44),(844,130,57),(612,130,60),(912,130,71),(687,131,26),(1070,131,27),(1202,131,39),(925,131,76),(1163,131,78),(929,132,20),(961,132,22),(825,132,23),(866,132,27),(964,132,31),(571,132,36),(1220,132,41),(577,132,43),(463,132,46),(426,132,49),(1164,132,52),(1334,132,65),(1224,133,20),(1065,133,41),(1230,133,47),(1089,133,60),(1028,133,72),(1285,133,75),(644,134,22),(1043,134,28),(437,134,35),(1135,134,42),(888,134,47),(911,134,54),(998,134,72),(464,134,77),(796,135,18),(746,135,23),(562,135,37),(708,135,56),(527,136,18),(742,136,26),(932,136,35),(1177,136,53),(1365,136,76),(663,137,34),(1053,137,55),(1315,137,56),(836,138,20),(690,138,27),(1174,138,32),(1006,138,38),(762,138,49),(1056,138,66),(472,138,71),(898,138,77),(1191,139,19),(1133,139,25),(1301,139,29),(1222,139,37),(855,139,39),(1245,139,44),(1193,139,47),(771,139,63),(973,139,64),(630,139,74),(499,140,33),(736,140,35),(1033,140,41),(691,140,52),(1366,140,59),(540,140,66),(878,140,78),(1166,141,19),(525,141,28),(1349,141,29),(584,141,36),(478,141,37),(1169,141,41),(662,141,43),(813,141,44),(1208,141,55),(516,142,60),(703,142,64),(1067,142,74),(622,143,20),(751,143,22),(649,143,31),(919,143,36),(461,143,51),(882,143,67),(760,143,76),(763,144,20),(1045,144,31),(1125,144,38),(445,144,41),(744,144,46),(826,144,54),(713,144,72),(559,145,23),(1246,145,27),(839,145,39),(624,145,56),(797,145,58),(743,145,59),(1173,145,65),(657,145,71),(502,145,74),(968,145,75),(1180,145,79),(1134,146,21),(1289,146,30),(1086,146,45),(827,146,48),(802,146,69),(563,146,70),(532,147,64),(1213,147,79),(764,148,19),(710,148,22),(1104,148,29),(790,148,33),(635,148,34),(473,148,43),(920,148,49),(676,148,67),(590,148,68),(490,148,78),(674,149,18),(1031,149,25),(1187,149,35),(626,149,38),(613,149,42),(1114,149,46),(500,149,47),(1244,149,65),(1057,149,70),(659,150,21),(712,150,27),(452,150,30),(777,150,42),(1363,150,63),(849,150,64),(1181,150,67),(1017,150,69),(860,150,72),(451,151,18),(913,151,21),(741,151,24),(1069,151,25),(754,151,44),(533,151,46),(733,151,55),(1151,151,63),(1094,151,65),(1283,151,76),(1156,151,77),(1131,152,20),(546,152,34),(901,152,53),(1113,152,61),(1199,152,64),(672,152,74),(1376,153,19),(798,153,40),(636,153,41),(561,153,50),(1241,153,63),(645,153,70),(1223,153,72),(1313,154,25),(677,154,32),(880,154,36),(1055,154,38),(893,154,41),(1347,154,53),(1247,154,57),(522,155,32),(949,155,34),(780,155,48),(1115,155,52),(1194,155,53),(1371,156,19),(505,156,21),(1264,156,22),(492,156,32),(915,156,33),(721,156,34),(724,156,39),(990,156,41),(558,156,47),(616,156,56),(1064,156,74),(1251,157,25),(1279,157,26),(573,157,35),(1296,157,36),(442,157,58),(807,157,61),(661,157,64),(811,157,76),(787,157,77);
/*!40000 ALTER TABLE `artwork_likes` ENABLE KEYS */;
UNLOCK TABLES;

--
-- Table structure for table `artworktags`
--

DROP TABLE IF EXISTS `artworktags`;
/*!40101 SET @saved_cs_client     = @@character_set_client */;
/*!50503 SET character_set_client = utf8mb4 */;
CREATE TABLE `artworktags` (
  `ArtworkTagID` int NOT NULL AUTO_INCREMENT,
  `ArtworkID` int NOT NULL,
  `TagID` int NOT NULL,
  PRIMARY KEY (`ArtworkTagID`),
  UNIQUE KEY `ArtworkID` (`ArtworkID`,`TagID`),
  KEY `TagID` (`TagID`),
  CONSTRAINT `artworktags_ibfk_1` FOREIGN KEY (`ArtworkID`) REFERENCES `artwork` (`ArtworkID`) ON DELETE CASCADE,
  CONSTRAINT `artworktags_ibfk_2` FOREIGN KEY (`TagID`) REFERENCES `tags` (`TagID`) ON DELETE CASCADE
) ENGINE=InnoDB AUTO_INCREMENT=583 DEFAULT CHARSET=utf8mb4 COLLATE=utf8mb4_0900_ai_ci;
/*!40101 SET character_set_client = @saved_cs_client */;

--
-- Dumping data for table `artworktags`
--

LOCK TABLES `artworktags` WRITE;
/*!40000 ALTER TABLE `artworktags` DISABLE KEYS */;
INSERT INTO `artworktags` VALUES (53,27,1),(55,27,14),(54,27,19),(56,27,38),(52,27,40),(58,28,1),(60,28,14),(59,28,19),(61,28,38),(57,28,40),(63,29,1),(65,29,14),(64,29,19),(66,29,38),(62,29,40),(68,30,1),(70,30,14),(69,30,19),(71,30,38),(67,30,40),(73,31,1),(75,31,14),(74,31,19),(76,31,38),(72,31,40),(78,32,1),(80,32,14),(79,32,19),(81,32,38),(77,32,40),(83,33,1),(85,33,14),(84,33,19),(86,33,38),(82,33,40),(88,34,1),(90,34,14),(89,34,19),(91,34,38),(87,34,40),(93,35,1),(97,35,14),(96,35,19),(95,35,33),(94,35,35),(98,35,38),(92,35,40),(99,36,2),(101,36,14),(100,36,19),(102,37,4),(105,37,14),(104,37,19),(103,37,28),(107,38,14),(108,38,18),(106,38,28),(111,39,14),(110,39,19),(109,39,28),(114,40,14),(113,40,19),(112,40,28),(117,41,14),(116,41,19),(115,41,28),(120,42,14),(119,42,19),(118,42,28),(123,43,14),(122,43,19),(121,43,28),(127,44,14),(126,44,19),(124,44,32),(125,44,35),(129,45,10),(131,45,14),(130,45,19),(128,45,33),(133,46,14),(134,46,18),(132,46,37),(136,47,10),(138,47,14),(137,47,19),(135,47,33),(141,48,10),(143,48,14),(142,48,19),(139,48,32),(140,48,33),(146,49,10),(148,49,14),(147,49,19),(144,49,32),(145,49,33),(151,50,10),(153,50,14),(152,50,19),(149,50,32),(150,50,33),(156,51,10),(158,51,14),(157,51,19),(154,51,32),(155,51,33),(161,52,10),(163,52,14),(162,52,19),(159,52,32),(160,52,33),(166,53,10),(168,53,14),(167,53,19),(164,53,32),(165,53,33),(169,54,1),(171,54,14),(170,54,19),(172,54,38),(173,55,1),(175,55,14),(174,55,19),(176,55,38),(177,56,1),(179,56,14),(178,56,19),(180,56,38),(182,57,14),(181,57,19),(184,58,14),(183,58,19),(186,59,14),(185,59,19),(188,60,14),(187,60,19),(190,61,14),(189,61,19),(191,62,15),(192,62,37),(193,63,1),(195,63,14),(194,63,19),(196,63,38),(198,64,14),(197,64,19),(200,65,14),(199,65,19),(202,66,14),(201,66,19),(203,67,1),(205,67,14),(204,67,19),(206,67,38),(207,68,9),(209,68,14),(208,68,19),(211,69,10),(213,69,14),(212,69,19),(210,69,33),(214,70,1),(216,70,14),(215,70,19),(217,70,38),(219,71,10),(221,71,14),(220,71,19),(218,71,33),(223,72,10),(225,72,14),(224,72,19),(222,72,33),(226,73,1),(229,73,10),(230,73,14),(228,73,33),(227,73,35),(231,73,38),(233,74,14),(234,74,18),(232,74,37),(237,75,10),(239,75,14),(238,75,19),(236,75,33),(235,75,35),(241,76,14),(240,76,19),(242,77,1),(244,77,14),(243,77,19),(245,77,38),(248,78,14),(247,78,19),(246,78,35),(252,79,14),(251,79,19),(249,79,32),(250,79,35),(254,80,1),(256,80,14),(255,80,19),(253,80,32),(257,80,38),(258,81,1),(260,81,14),(259,81,19),(261,81,38),(263,82,14),(262,82,19),(264,83,1),(266,83,14),(265,83,19),(267,83,38),(268,84,1),(270,84,14),(269,84,19),(271,84,38),(273,85,14),(272,85,19),(275,86,10),(277,86,14),(276,86,19),(274,86,33),(278,87,8),(280,87,14),(279,87,19),(283,88,14),(282,88,19),(281,88,32),(286,89,14),(285,89,19),(284,89,32),(289,90,14),(288,90,19),(287,90,32),(292,91,10),(294,91,14),(293,91,19),(291,91,33),(290,91,35),(296,92,10),(298,92,14),(297,92,19),(295,92,33),(301,93,14),(300,93,19),(299,93,35),(303,94,14),(302,94,19),(307,95,14),(306,95,19),(304,95,32),(305,95,33),(308,96,15),(309,96,37),(310,97,17),(312,97,19),(311,97,37),(314,98,9),(315,98,14),(316,98,18),(313,98,40),(317,99,9),(319,99,14),(318,99,19),(321,100,1),(322,100,9),(324,100,14),(323,100,19),(320,100,32),(325,101,1),(326,101,9),(328,101,14),(327,101,19),(329,102,9),(331,102,14),(330,102,19),(332,103,1),(333,103,9),(334,103,14),(336,103,18),(335,103,38),(338,104,1),(341,104,14),(340,104,19),(337,104,32),(339,104,33),(342,104,38),(344,105,1),(347,105,14),(346,105,19),(343,105,32),(345,105,33),(348,105,38),(350,106,1),(353,106,14),(352,106,19),(349,106,32),(351,106,33),(354,106,38),(356,107,1),(359,107,14),(358,107,19),(355,107,32),(357,107,33),(360,107,38),(362,108,1),(365,108,14),(364,108,19),(361,108,32),(363,108,33),(366,108,38),(368,109,1),(371,109,14),(370,109,19),(367,109,32),(369,109,33),(372,109,38),(373,110,1),(375,110,14),(374,110,37),(376,110,38),(377,111,1),(379,111,14),(378,111,37),(380,111,38),(381,112,1),(384,112,14),(383,112,19),(382,112,37),(385,112,38),(387,113,14),(388,113,18),(386,113,37),(389,114,1),(392,114,14),(391,114,19),(390,114,37),(393,114,38),(396,115,14),(395,115,19),(394,115,37),(399,116,14),(398,116,19),(397,116,37),(402,117,10),(404,117,14),(403,117,19),(400,117,32),(401,117,33),(405,118,10),(407,118,14),(406,118,19),(409,119,10),(411,119,14),(410,119,19),(408,119,33),(414,120,10),(416,120,14),(415,120,19),(413,120,33),(412,120,35),(417,120,38),(419,121,10),(421,121,14),(420,121,19),(418,121,33),(422,121,38),(426,122,10),(428,122,14),(423,122,17),(427,122,19),(425,122,33),(424,122,35),(429,123,2),(431,123,14),(430,123,19),(432,124,1),(434,124,14),(433,124,19),(435,124,38),(436,125,1),(438,125,14),(437,125,19),(439,125,38),(440,126,1),(442,126,14),(441,126,19),(443,126,38),(444,127,1),(446,127,14),(445,127,19),(447,127,38),(448,128,1),(450,128,14),(449,128,19),(451,128,38),(455,129,14),(454,129,19),(452,129,32),(453,129,33),(459,130,14),(458,130,19),(457,130,33),(456,130,35),(464,131,14),(463,131,19),(461,131,24),(462,131,32),(460,131,34),(466,132,14),(465,132,19),(467,133,3),(469,133,14),(468,133,19),(470,134,1),(472,134,14),(471,134,37),(473,134,38),(476,135,14),(475,135,19),(474,135,31),(477,135,38),(480,136,14),(479,136,19),(478,136,31),(482,137,1),(484,137,14),(483,137,19),(481,137,32),(485,137,38),(487,138,10),(489,138,14),(488,138,19),(486,138,33),(492,139,14),(491,139,19),(490,139,32),(494,140,1),(496,140,14),(495,140,19),(493,140,32),(497,140,38),(498,141,1),(499,141,14),(501,141,18),(500,141,38),(503,142,14),(502,142,19),(505,143,2),(507,143,14),(506,143,19),(504,143,28),(508,144,1),(510,144,14),(509,144,19),(511,144,38),(513,145,14),(512,145,19),(514,146,1),(517,146,14),(516,146,19),(515,146,37),(518,146,38),(521,147,14),(519,147,36),(520,147,40),(523,148,1),(525,148,14),(524,148,19),(522,148,32),(526,148,38),(529,149,10),(531,149,14),(530,149,19),(527,149,32),(528,149,33),(534,150,14),(533,150,19),(532,150,32),(537,151,14),(536,151,19),(535,151,32),(539,152,1),(543,152,14),(542,152,19),(538,152,32),(541,152,33),(540,152,35),(544,152,38),(546,153,14),(545,153,19),(551,154,14),(550,154,19),(547,154,32),(549,154,33),(548,154,35),(552,154,38),(553,155,1),(557,155,14),(556,155,19),(555,155,33),(554,155,35),(558,155,38),(562,156,14),(561,156,19),(560,156,33),(559,156,35),(564,157,10),(566,157,14),(565,157,19),(563,157,33),(567,158,1),(569,158,14),(568,158,19),(570,158,38),(571,159,1),(573,159,14),(572,159,19),(574,159,38),(575,160,1),(577,160,14),(576,160,19),(578,160,38),(579,161,1),(581,161,14),(580,161,19),(582,161,38);
/*!40000 ALTER TABLE `artworktags` ENABLE KEYS */;
UNLOCK TABLES;

--
-- Table structure for table `comments`
--

DROP TABLE IF EXISTS `comments`;
/*!40101 SET @saved_cs_client     = @@character_set_client */;
/*!50503 SET character_set_client = utf8mb4 */;
CREATE TABLE `comments` (
  `CommentID` int NOT NULL AUTO_INCREMENT,
  `UserID` int NOT NULL,
  `ExhibitionID` int NOT NULL,
  `Content` text NOT NULL,
  `PostDate` datetime NOT NULL DEFAULT CURRENT_TIMESTAMP,
  PRIMARY KEY (`CommentID`),
  KEY `UserID` (`UserID`),
  KEY `ExhibitionID` (`ExhibitionID`),
  CONSTRAINT `comments_ibfk_1` FOREIGN KEY (`UserID`) REFERENCES `users` (`UserID`) ON DELETE CASCADE,
  CONSTRAINT `comments_ibfk_2` FOREIGN KEY (`ExhibitionID`) REFERENCES `exhibitions` (`ExhibitionID`) ON DELETE CASCADE
) ENGINE=InnoDB AUTO_INCREMENT=730 DEFAULT CHARSET=utf8mb4 COLLATE=utf8mb4_0900_ai_ci;
/*!40101 SET character_set_client = @saved_cs_client */;

--
-- Dumping data for table `comments`
--

LOCK TABLES `comments` WRITE;
/*!40000 ALTER TABLE `comments` DISABLE KEYS */;
INSERT INTO `comments` VALUES (1,60,24,'Топ!','2024-12-16 01:39:44'),(2,55,14,'❤️','2025-02-04 01:39:44'),(3,55,24,'Топ!','2024-08-16 01:39:44'),(4,65,26,'Потрясающая проработка деталей, прям не оторваться.','2024-10-28 01:39:44'),(5,65,20,'Интересная идея.','2025-05-20 01:39:44'),(6,65,19,'Очень круто.','2024-10-27 01:39:44'),(7,26,18,'Очень впечатляющая работа. Особенно понравилось, как передан свет.','2025-03-17 01:39:44'),(8,26,15,'?','2024-10-19 01:39:44'),(9,26,13,'Супер!','2024-10-09 01:39:44'),(10,26,14,'Топ!','2024-09-26 01:39:44'),(11,28,19,'?','2024-12-07 01:39:44'),(12,28,17,'Интересная идея.','2025-02-01 01:39:44'),(13,28,16,'Очень круто.','2025-03-26 01:39:44'),(14,51,22,'Такой стиль рисовки вызывает глубокие эмоции. Спасибо за это!','2024-11-06 01:39:44'),(15,51,21,'Интересная идея.','2024-10-29 01:39:44'),(16,51,19,'Такой стиль рисовки вызывает глубокие эмоции. Спасибо за это!','2024-12-10 01:39:44'),(17,29,15,'Нравится стиль.','2024-10-31 01:39:44'),(18,29,13,'Очень круто.','2025-05-19 01:39:44'),(19,29,18,'Очень впечатляющая работа. Особенно понравилось, как передан свет.','2025-01-07 01:39:44'),(20,77,20,'?','2025-05-16 01:39:44'),(21,77,24,'Такой стиль рисовки вызывает глубокие эмоции. Спасибо за это!','2024-10-11 01:39:44'),(22,77,26,'?','2024-12-14 01:39:44'),(23,77,25,'Очень впечатляющая работа. Особенно понравилось, как передан свет.','2025-01-02 01:39:44'),(24,48,20,'Такой стиль рисовки вызывает глубокие эмоции. Спасибо за это!','2024-06-04 01:39:44'),(25,48,15,'Очень впечатляющая работа. Особенно понравилось, как передан свет.','2024-07-17 01:39:44'),(26,48,22,'Такой стиль рисовки вызывает глубокие эмоции. Спасибо за это!','2024-12-06 01:39:44'),(27,34,15,'Супер!','2024-11-02 01:39:44'),(28,34,24,'Интересная идея.','2025-04-01 01:39:44'),(29,46,27,'❤️','2024-09-11 01:39:44'),(30,25,17,'Классная работа!','2024-11-14 01:39:44'),(31,62,24,'Потрясающая проработка деталей, прям не оторваться.','2025-01-02 01:39:44'),(32,62,13,'Очень впечатляющая работа. Особенно понравилось, как передан свет.','2024-09-07 01:39:44'),(33,62,19,'Вау!','2025-04-18 01:39:44'),(34,62,21,'❤️','2024-06-10 01:39:44'),(35,62,14,'Вау!','2024-06-02 01:39:44'),(36,74,18,'Интересная идея.','2024-07-27 01:39:44'),(37,74,25,'Очень круто.','2024-06-02 01:39:44'),(38,59,26,'Такой стиль рисовки вызывает глубокие эмоции. Спасибо за это!','2024-08-25 01:39:44'),(39,59,24,'Очень впечатляющая работа. Особенно понравилось, как передан свет.','2025-05-26 01:39:44'),(40,59,13,'Очень впечатляющая работа. Особенно понравилось, как передан свет.','2024-07-25 01:39:44'),(41,59,15,'Очень впечатляющая работа. Особенно понравилось, как передан свет.','2024-12-17 01:39:44'),(42,47,24,'❤️','2025-05-28 01:39:44'),(43,47,27,'❤️','2024-12-18 01:39:44'),(44,47,20,'Такой стиль рисовки вызывает глубокие эмоции. Спасибо за это!','2025-03-23 01:39:44'),(45,67,22,'Кажется, я нашел нового любимого художника.','2025-05-23 01:39:44'),(46,66,13,'Классная работа!','2024-09-27 01:39:44'),(47,66,14,'Очень впечатляющая работа. Особенно понравилось, как передан свет.','2025-01-24 01:39:44'),(48,66,22,'Классная работа!','2025-03-13 01:39:44'),(49,66,15,'Кажется, я нашел нового любимого художника.','2024-07-22 01:39:44'),(50,70,26,'Нравится стиль.','2024-10-29 01:39:44'),(51,70,15,'❤️','2025-05-10 01:39:44'),(52,70,17,'Очень круто.','2025-03-19 01:39:44'),(53,70,22,'Топ!','2025-03-15 01:39:44'),(54,40,23,'Кажется, я нашел нового любимого художника.','2024-12-29 01:39:44'),(55,40,18,'Интересная идея.','2025-01-30 01:39:44'),(56,40,27,'Супер!','2025-02-01 01:39:44'),(57,24,15,'Необычная композиция и прекрасная цветовая гамма.','2024-09-28 01:39:44'),(58,24,19,'Потрясающая проработка деталей, прям не оторваться.','2025-03-17 01:39:44'),(59,75,20,'Супер!','2025-03-05 01:39:44'),(60,75,21,'❤️','2025-03-25 01:39:44'),(61,50,22,'?','2025-03-03 01:39:44'),(62,50,21,'Топ!','2025-02-25 01:39:44'),(63,53,22,'Потрясающая проработка деталей, прям не оторваться.','2025-03-01 01:39:44'),(64,53,14,'Очень круто.','2025-03-17 01:39:44'),(65,53,13,'Очень круто.','2025-04-05 01:39:44'),(66,32,24,'Кажется, я нашел нового любимого художника.','2025-02-19 01:39:44'),(67,32,19,'?','2024-06-30 01:39:44'),(68,32,15,'Очень впечатляющая работа. Особенно понравилось, как передан свет.','2025-03-02 01:39:44'),(69,32,20,'Кажется, я нашел нового любимого художника.','2024-06-25 01:39:44'),(70,23,17,'Необычная композиция и прекрасная цветовая гамма.','2025-03-15 01:39:44'),(71,21,19,'Классная работа!','2024-08-13 01:39:44'),(72,21,25,'Интересная идея.','2024-10-04 01:39:44'),(73,36,20,'Такой стиль рисовки вызывает глубокие эмоции. Спасибо за это!','2024-09-13 01:39:44'),(74,36,14,'❤️','2024-12-22 01:39:44'),(75,36,13,'❤️','2024-12-07 01:39:44'),(76,33,26,'Топ!','2024-12-27 01:39:44'),(77,33,17,'❤️','2024-08-06 01:39:44'),(78,33,23,'Такой стиль рисовки вызывает глубокие эмоции. Спасибо за это!','2024-07-09 01:39:44'),(79,27,24,'Интересная идея.','2024-06-20 01:39:44'),(80,42,24,'Интересная идея.','2025-03-01 01:39:44'),(81,42,27,'Необычная композиция и прекрасная цветовая гамма.','2024-06-09 01:39:44'),(82,42,25,'Такой стиль рисовки вызывает глубокие эмоции. Спасибо за это!','2024-11-11 01:39:44'),(83,44,22,'Очень впечатляющая работа. Особенно понравилось, как передан свет.','2024-07-16 01:39:44'),(84,44,14,'Такой стиль рисовки вызывает глубокие эмоции. Спасибо за это!','2025-01-11 01:39:44'),(85,44,13,'Супер!','2024-12-08 01:39:44'),(86,41,16,'Интересная идея.','2025-04-13 01:39:44'),(87,41,22,'Вау!','2025-03-22 01:39:44'),(88,18,24,'Топ!','2024-09-05 01:39:44'),(89,18,14,'?','2024-07-11 01:39:44'),(90,68,16,'?','2025-03-24 01:39:44'),(91,68,26,'Потрясающая проработка деталей, прям не оторваться.','2025-02-11 01:39:44'),(92,68,13,'Интересная идея.','2024-12-01 01:39:44'),(93,39,24,'❤️','2025-03-19 01:39:44'),(94,31,26,'Очень круто.','2025-05-12 01:39:44'),(95,31,20,'Супер!','2025-05-02 01:39:44'),(96,38,22,'Кажется, я нашел нового любимого художника.','2024-10-16 01:39:44'),(97,52,25,'Очень круто.','2024-10-18 01:39:44'),(98,52,19,'Супер!','2025-01-26 01:39:44'),(99,61,27,'Такой стиль рисовки вызывает глубокие эмоции. Спасибо за это!','2024-10-13 01:39:44'),(100,61,14,'Вау!','2024-08-03 01:39:44'),(101,61,16,'Очень впечатляющая работа. Особенно понравилось, как передан свет.','2025-05-07 01:39:44'),(102,71,23,'Необычная композиция и прекрасная цветовая гамма.','2025-01-23 01:39:44'),(103,43,22,'Очень круто.','2025-01-22 01:39:44'),(104,43,21,'Классная работа!','2025-05-01 01:39:44'),(105,57,18,'Классная работа!','2024-11-29 01:39:44'),(106,54,15,'Супер!','2025-02-13 01:39:44'),(107,54,24,'Интересная идея.','2024-09-23 01:39:44'),(108,54,25,'Супер!','2024-07-29 01:39:44'),(109,73,15,'Необычная композиция и прекрасная цветовая гамма.','2025-04-17 01:39:44'),(110,78,17,'Интересная идея.','2025-03-26 01:39:44'),(111,78,23,'Такой стиль рисовки вызывает глубокие эмоции. Спасибо за это!','2025-01-05 01:39:44'),(112,78,24,'Нравится стиль.','2024-08-09 01:39:44'),(113,63,22,'Такой стиль рисовки вызывает глубокие эмоции. Спасибо за это!','2025-03-20 01:39:44'),(114,63,27,'Интересная идея.','2024-08-23 01:39:44'),(115,63,17,'Необычная композиция и прекрасная цветовая гамма.','2025-03-07 01:39:44'),(116,20,24,'❤️','2024-09-29 01:39:44'),(117,20,15,'Очень впечатляющая работа. Особенно понравилось, как передан свет.','2025-04-25 01:39:44'),(118,20,18,'Необычная композиция и прекрасная цветовая гамма.','2024-12-11 01:39:44'),(119,20,19,'Необычная композиция и прекрасная цветовая гамма.','2024-09-02 01:39:44'),(120,20,20,'Интересная идея.','2025-05-30 01:39:44'),(121,56,14,'Интересная идея.','2025-01-15 01:39:44'),(122,49,27,'Нравится!','2025-03-28 02:00:11'),(123,39,21,'Глубоко тронуло','2025-05-25 02:00:11'),(124,56,26,'Сильно','2025-04-21 02:00:11'),(125,61,14,'Невероятная работа','2025-05-15 02:00:11'),(126,73,22,'Сильно','2025-04-12 02:00:11'),(127,23,17,'Сюжет интересный.','2025-04-30 02:00:11'),(128,79,20,'Супер, продолжай в том же духе!','2025-04-03 02:00:11'),(129,65,19,'Это круто!','2025-03-16 02:00:11'),(130,64,13,'Глубоко тронуло','2025-03-08 02:00:11'),(131,21,21,'Сильно','2025-05-06 02:00:11'),(132,74,26,'Сильно','2025-05-31 02:00:11'),(133,35,14,'Вау!','2025-04-15 02:00:11'),(134,58,27,'Люблю такую цветовую палитру.','2025-03-11 02:00:11'),(135,21,27,'Очень вдохновляюще!','2025-03-11 02:00:11'),(136,37,20,'Люблю такую цветовую палитру.','2025-04-17 02:00:11'),(137,30,22,'Очень атмосферно.','2025-03-09 02:00:11'),(138,58,24,'Очень атмосферно.','2025-05-14 02:00:11'),(139,79,26,'Вау!','2025-04-01 02:00:11'),(140,34,14,'Сюжет интересный.','2025-05-11 02:00:11'),(141,41,17,'Глубоко тронуло','2025-03-28 02:00:11'),(142,40,18,'Вау!','2025-04-10 02:00:11'),(143,78,15,'Очень атмосферно.','2025-04-07 02:00:11'),(144,62,21,'Люблю такую цветовую палитру.','2025-05-07 02:00:11'),(145,32,21,'Супер, продолжай в том же духе!','2025-05-14 02:00:11'),(146,18,18,'Невероятная работа','2025-05-28 02:00:11'),(147,25,18,'Вау!','2025-05-01 02:00:11'),(148,63,25,'Люблю такую цветовую палитру.','2025-04-01 02:00:11'),(149,57,21,'Шикарно нарисовано','2025-03-27 02:00:11'),(150,70,19,'Люблю такую цветовую палитру.','2025-03-24 02:00:11'),(151,61,15,'Супер, продолжай в том же духе!','2025-03-10 02:00:11'),(152,48,18,'Люблю такую цветовую палитру.','2025-04-09 02:00:11'),(153,78,26,'Супер, продолжай в том же духе!','2025-04-18 02:00:11'),(154,72,13,'Невероятная работа','2025-03-03 02:00:11'),(155,51,25,'Глубоко тронуло','2025-03-10 02:00:11'),(156,60,25,'❤','2025-05-31 02:00:11'),(157,46,26,'Это круто!','2025-04-12 02:00:11'),(158,77,25,'Классная работа!','2025-03-26 02:00:11'),(159,42,16,'Шикарно нарисовано','2025-03-15 02:00:11'),(160,55,20,'Сильно','2025-03-22 02:00:11'),(161,77,13,'Сильно','2025-03-13 02:00:11'),(162,30,16,'Нравится!','2025-03-23 02:00:11'),(163,31,18,'Сильно','2025-05-26 02:00:11'),(164,66,13,'Супер, продолжай в том же духе!','2025-05-05 02:00:11'),(165,71,22,'Нравится!','2025-03-29 02:00:11'),(166,43,27,'Супер, продолжай в том же духе!','2025-05-31 02:00:11'),(167,75,17,'Вау!','2025-05-08 02:00:11'),(168,32,15,'Шикарно нарисовано','2025-05-06 02:00:11'),(169,39,13,'Очень вдохновляюще!','2025-05-09 02:00:11'),(170,18,26,'Люблю такую цветовую палитру.','2025-04-25 02:00:11'),(171,37,23,'Сильно','2025-03-28 02:00:11'),(172,56,16,'Очень атмосферно.','2025-04-19 02:00:11'),(173,44,14,'Классная работа!','2025-04-14 02:00:11'),(174,34,20,'Сюжет интересный.','2025-03-07 02:00:11'),(175,64,15,'Невероятная работа','2025-03-17 02:00:11'),(176,38,18,'Сильно','2025-04-17 02:00:11'),(177,37,16,'Очень атмосферно.','2025-04-03 02:00:11'),(178,43,18,'Очень вдохновляюще!','2025-05-14 02:00:11'),(179,36,16,'Нравится!','2025-04-30 02:00:11'),(180,33,15,'Шикарно нарисовано','2025-03-09 02:00:11'),(181,36,15,'Люблю такую цветовую палитру.','2025-04-21 02:00:11'),(182,42,27,'Сильно','2025-03-22 02:00:11'),(183,78,16,'Супер, продолжай в том же духе!','2025-04-15 02:00:11'),(184,24,22,'Невероятная работа','2025-05-28 02:00:11'),(185,32,18,'Люблю такую цветовую палитру.','2025-03-22 02:00:11'),(186,49,19,'Классная работа!','2025-05-07 02:00:11'),(187,42,23,'Невероятная работа','2025-04-22 02:00:11'),(188,35,22,'Очень вдохновляюще!','2025-05-25 02:00:11'),(189,29,17,'❤','2025-04-15 02:00:11'),(190,30,27,'Супер, продолжай в том же духе!','2025-03-14 02:00:11'),(191,79,16,'Классная работа!','2025-04-10 02:00:11'),(192,33,20,'Супер, продолжай в том же духе!','2025-05-09 02:00:11'),(193,47,21,'Супер, продолжай в том же духе!','2025-03-15 02:00:11'),(194,29,21,'Сюжет интересный.','2025-04-12 02:00:11'),(195,74,16,'Супер, продолжай в том же духе!','2025-05-15 02:00:11'),(196,77,23,'Классная работа!','2025-04-28 02:00:11'),(197,38,26,'Классная работа!','2025-04-28 02:00:11'),(198,58,14,'Сюжет интересный.','2025-05-07 02:00:11'),(199,55,25,'Нравится!','2025-04-14 02:00:11'),(200,23,24,'Шикарно нарисовано','2025-05-22 02:00:11'),(201,68,24,'Сюжет интересный.','2025-04-18 02:00:11'),(202,36,20,'Шикарно нарисовано','2025-05-22 02:00:11'),(203,78,18,'Супер, продолжай в том же духе!','2025-04-01 02:00:11'),(204,22,24,'Вау!','2025-05-12 02:00:11'),(205,25,27,'Глубоко тронуло','2025-04-04 02:00:11'),(206,45,17,'Вау!','2025-03-14 02:00:11'),(207,60,26,'Очень атмосферно.','2025-03-04 02:00:11'),(208,63,22,'Нравится!','2025-05-28 02:00:11'),(209,30,17,'Вау!','2025-05-12 02:00:11'),(210,18,16,'Очень атмосферно.','2025-03-18 02:00:11'),(211,32,23,'Нравится!','2025-04-07 02:00:11'),(212,31,20,'Это круто!','2025-05-31 02:00:11'),(213,21,24,'Сюжет интересный.','2025-04-15 02:00:11'),(214,28,22,'Вау!','2025-03-29 02:00:11'),(215,41,13,'Шикарно нарисовано','2025-05-08 02:00:11'),(216,18,17,'Глубоко тронуло','2025-04-06 02:00:11'),(217,65,24,'Классная работа!','2025-05-22 02:00:11'),(218,35,20,'Очень атмосферно.','2025-04-16 02:00:11'),(219,59,25,'Нравится!','2025-05-02 02:00:11'),(220,29,15,'Очень вдохновляюще!','2025-04-27 02:00:11'),(221,64,24,'Супер, продолжай в том же духе!','2025-04-08 02:00:11'),(222,46,16,'❤','2025-05-12 02:00:11'),(223,46,19,'Глубоко тронуло','2025-04-02 02:00:11'),(224,73,27,'Люблю такую цветовую палитру.','2025-03-18 02:00:11'),(225,49,26,'Очень вдохновляюще!','2025-03-06 02:00:11'),(226,52,22,'Нравится!','2025-05-28 02:00:11'),(227,64,23,'Очень вдохновляюще!','2025-03-11 02:00:11'),(228,66,25,'Супер, продолжай в том же духе!','2025-05-04 02:00:11'),(229,42,18,'Люблю такую цветовую палитру.','2025-05-29 02:00:11'),(230,30,19,'Шикарно нарисовано','2025-03-11 02:00:11'),(231,45,20,'Классная работа!','2025-06-01 02:00:11'),(232,78,13,'Вау!','2025-05-08 02:00:11'),(233,61,26,'Сильно','2025-03-03 02:00:11'),(234,30,13,'Сюжет интересный.','2025-03-08 02:00:11'),(235,78,22,'Вау!','2025-04-22 02:00:11'),(236,33,13,'Супер, продолжай в том же духе!','2025-03-14 02:00:11'),(237,35,16,'Сюжет интересный.','2025-04-01 02:00:11'),(238,59,19,'Нравится!','2025-05-25 02:00:11'),(239,46,14,'Нравится!','2025-05-06 02:00:11'),(240,51,27,'Глубоко тронуло','2025-04-30 02:00:11'),(241,59,15,'Очень атмосферно.','2025-04-28 02:00:11'),(242,38,14,'❤','2025-05-19 02:00:11'),(243,23,19,'Сильно','2025-03-17 02:00:11'),(244,47,25,'Невероятная работа','2025-04-16 02:00:11'),(245,23,22,'Сильно','2025-05-03 02:00:11'),(246,29,20,'Очень вдохновляюще!','2025-05-10 02:00:11'),(247,50,25,'Вау!','2025-03-05 02:00:11'),(248,37,21,'Очень вдохновляюще!','2025-05-24 02:00:11'),(249,70,22,'Люблю такую цветовую палитру.','2025-03-29 02:00:11'),(250,25,23,'Очень вдохновляюще!','2025-05-02 02:00:11'),(251,70,23,'❤','2025-05-17 02:00:11'),(252,45,14,'Нравится!','2025-05-13 02:00:11'),(253,62,24,'Нравится!','2025-05-18 02:00:11'),(254,52,27,'Это круто!','2025-04-23 02:00:11'),(255,28,16,'Невероятная работа','2025-06-01 02:00:11'),(256,22,21,'Вау!','2025-05-21 02:00:11'),(257,36,27,'Сильно','2025-03-19 02:00:11'),(258,60,13,'Вау!','2025-04-06 02:00:11'),(259,35,15,'Классная работа!','2025-05-02 02:00:11'),(260,50,14,'Вау!','2025-04-20 02:00:11'),(261,75,20,'Очень атмосферно.','2025-04-13 02:00:11'),(262,43,13,'Невероятная работа','2025-05-29 02:00:11'),(263,35,24,'Очень вдохновляюще!','2025-03-07 02:00:11'),(264,79,15,'Это круто!','2025-05-25 02:00:11'),(265,61,18,'Сильно','2025-03-23 02:00:11'),(266,48,22,'Нравится!','2025-03-10 02:00:11'),(267,74,21,'Шикарно нарисовано','2025-04-28 02:00:11'),(268,70,21,'Это круто!','2025-03-19 02:00:11'),(269,36,23,'Шикарно нарисовано','2025-03-05 02:00:11'),(270,68,13,'Невероятная работа','2025-03-20 02:00:11'),(271,47,16,'Классная работа!','2025-05-09 02:00:11'),(272,75,19,'Супер, продолжай в том же духе!','2025-03-16 02:00:11'),(273,22,20,'Классная работа!','2025-03-12 02:00:11'),(274,53,17,'Вау!','2025-03-11 02:00:11'),(275,70,26,'Очень вдохновляюще!','2025-04-28 02:00:11'),(276,24,14,'Люблю такую цветовую палитру.','2025-04-26 02:00:11'),(277,29,24,'Сильно','2025-05-11 02:00:11'),(278,23,26,'Очень вдохновляюще!','2025-04-16 02:00:11'),(279,57,19,'Глубоко тронуло','2025-04-07 02:00:11'),(280,55,13,'Супер, продолжай в том же духе!','2025-05-05 02:00:11'),(281,73,24,'Сюжет интересный.','2025-04-07 02:00:11'),(282,74,22,'Сюжет интересный.','2025-03-12 02:00:11'),(283,72,17,'Вау!','2025-05-04 02:00:11'),(284,67,14,'Нравится!','2025-03-24 02:00:11'),(285,53,13,'Очень атмосферно.','2025-05-02 02:00:11'),(286,52,25,'Супер, продолжай в том же духе!','2025-04-06 02:00:11'),(287,21,22,'Сильно','2025-05-01 02:00:11'),(288,35,18,'Супер, продолжай в том же духе!','2025-04-28 02:00:11'),(289,74,13,'Сильно','2025-04-25 02:00:11'),(290,37,25,'Сильно','2025-04-01 02:00:11'),(291,53,21,'Шикарно нарисовано','2025-03-16 02:00:11'),(292,60,21,'❤','2025-04-17 02:00:11'),(293,56,14,'Супер, продолжай в том же духе!','2025-03-04 02:00:11'),(294,44,18,'Очень вдохновляюще!','2025-03-24 02:00:11'),(295,72,16,'Нравится!','2025-03-22 02:00:11'),(296,72,24,'Нравится!','2025-05-07 02:00:11'),(297,20,24,'❤','2025-04-13 02:00:11'),(298,46,18,'Глубоко тронуло','2025-05-28 02:00:11'),(299,56,24,'Очень атмосферно.','2025-04-06 02:00:11'),(300,65,27,'Очень атмосферно.','2025-03-14 02:00:11'),(301,51,17,'Сюжет интересный.','2025-04-07 02:00:11'),(302,23,14,'Шикарно нарисовано','2025-05-08 02:00:11'),(303,41,26,'Люблю такую цветовую палитру.','2025-05-02 02:00:11'),(304,74,17,'Глубоко тронуло','2025-05-08 02:00:11'),(305,23,25,'Шикарно нарисовано','2025-03-13 02:00:11'),(306,23,21,'Глубоко тронуло','2025-03-17 02:00:11'),(307,50,20,'Невероятная работа','2025-04-12 02:00:11'),(308,34,18,'Сильно','2025-04-27 02:00:11'),(309,41,18,'Вау!','2025-03-12 02:00:11'),(310,55,22,'Это круто!','2025-03-12 02:00:11'),(311,67,17,'Супер, продолжай в том же духе!','2025-04-08 02:00:11'),(312,62,13,'Глубоко тронуло','2025-05-19 02:00:11'),(313,33,23,'❤','2025-03-08 02:00:11'),(314,66,14,'Классная работа!','2025-04-13 02:00:11'),(315,22,15,'Очень вдохновляюще!','2025-03-28 02:00:11'),(316,70,13,'Супер, продолжай в том же духе!','2025-05-31 02:00:11'),(317,49,22,'Супер, продолжай в том же духе!','2025-04-03 02:00:11'),(318,42,14,'Сильно','2025-03-30 02:00:11'),(319,53,19,'Классная работа!','2025-04-14 02:00:11'),(320,31,19,'Очень вдохновляюще!','2025-04-08 02:00:11'),(321,52,14,'Люблю такую цветовую палитру.','2025-05-24 02:00:11'),(322,71,14,'Люблю такую цветовую палитру.','2025-05-08 02:00:11'),(323,51,15,'Сильно','2025-03-08 02:00:11'),(324,24,15,'Супер, продолжай в том же духе!','2025-04-18 02:00:11'),(325,24,17,'Нравится!','2025-04-18 02:00:11'),(326,20,22,'Шикарно нарисовано','2025-04-05 02:00:11'),(327,71,15,'Очень атмосферно.','2025-03-29 02:00:11'),(328,70,27,'Сильно','2025-03-21 02:00:11'),(329,21,13,'Невероятная работа','2025-05-16 02:00:11'),(330,41,21,'Шикарно нарисовано','2025-03-11 02:00:11'),(331,64,14,'❤','2025-03-12 02:00:11'),(332,43,26,'Сильно','2025-03-03 02:00:11'),(333,34,16,'Очень вдохновляюще!','2025-03-17 02:00:11'),(334,41,23,'Сильно','2025-05-09 02:00:11'),(335,30,14,'❤','2025-04-14 02:00:11'),(336,39,23,'Сюжет интересный.','2025-03-03 02:00:11'),(337,54,15,'Сюжет интересный.','2025-05-27 02:00:11'),(338,51,24,'Сильно','2025-05-31 02:00:11'),(339,30,23,'Очень атмосферно.','2025-04-26 02:00:11'),(340,45,16,'Очень атмосферно.','2025-04-10 02:00:11'),(341,74,25,'Классная работа!','2025-04-12 02:00:11'),(342,54,16,'Невероятная работа','2025-04-24 02:00:11'),(343,52,17,'Сильно','2025-03-12 02:00:11'),(344,31,21,'Супер, продолжай в том же духе!','2025-04-02 02:00:11'),(345,34,19,'Шикарно нарисовано','2025-03-27 02:00:11'),(346,26,21,'Супер, продолжай в том же духе!','2025-03-12 02:00:11'),(347,72,20,'Классная работа!','2025-05-23 02:00:11'),(348,75,18,'Очень вдохновляюще!','2025-05-04 02:00:11'),(349,71,24,'Нравится!','2025-03-05 02:00:11'),(350,26,24,'Глубоко тронуло','2025-05-18 02:00:11'),(351,20,23,'Люблю такую цветовую палитру.','2025-04-23 02:00:11'),(352,27,26,'Невероятная работа','2025-05-14 02:00:11'),(353,52,24,'Супер, продолжай в том же духе!','2025-05-07 02:00:11'),(354,40,27,'Вау!','2025-03-13 02:00:11'),(355,32,17,'Люблю такую цветовую палитру.','2025-03-27 02:00:11'),(356,59,24,'Вау!','2025-03-17 02:00:11'),(357,34,24,'Очень вдохновляюще!','2025-04-29 02:00:11'),(358,38,25,'Нравится!','2025-03-04 02:00:11'),(359,33,22,'Сюжет интересный.','2025-03-26 02:00:11'),(360,67,18,'Супер, продолжай в том же духе!','2025-05-06 02:00:11'),(361,77,16,'Классная работа!','2025-04-07 02:00:11'),(362,40,20,'Вау!','2025-03-27 02:00:11'),(363,41,25,'Сюжет интересный.','2025-03-17 02:00:11'),(364,56,13,'Шикарно нарисовано','2025-04-30 02:00:11'),(365,22,18,'Шикарно нарисовано','2025-05-06 02:00:11'),(366,27,19,'Глубоко тронуло','2025-03-21 02:00:11'),(367,72,25,'Классная работа!','2025-05-07 02:00:11'),(368,18,19,'Классная работа!','2025-03-17 02:00:11'),(369,39,27,'Классная работа!','2025-03-18 02:00:11'),(370,28,23,'❤','2025-03-10 02:00:11'),(371,44,20,'Очень атмосферно.','2025-03-17 02:00:11'),(372,76,20,'❤','2025-04-29 02:00:11'),(373,34,25,'Люблю такую цветовую палитру.','2025-05-25 02:00:11'),(374,43,15,'Глубоко тронуло','2025-04-26 02:00:11'),(375,49,13,'Сюжет интересный.','2025-03-25 02:00:11'),(376,39,15,'Сильно','2025-05-13 02:00:11'),(377,48,26,'Очень атмосферно.','2025-04-25 02:00:11'),(378,26,13,'Нравится!','2025-05-26 02:00:11'),(379,62,19,'Люблю такую цветовую палитру.','2025-03-26 02:00:11'),(380,69,24,'Очень вдохновляюще!','2025-04-14 02:00:11'),(381,21,23,'Вау!','2025-05-10 02:00:11'),(382,27,23,'Люблю такую цветовую палитру.','2025-03-17 02:00:11'),(383,67,19,'Это круто!','2025-03-05 02:00:11'),(384,55,19,'Это круто!','2025-04-28 02:00:11'),(385,59,23,'Это круто!','2025-03-04 02:00:11'),(386,79,14,'Невероятная работа','2025-04-07 02:00:11'),(387,46,27,'Очень вдохновляюще!','2025-03-28 02:00:11'),(388,28,19,'Невероятная работа','2025-03-26 02:00:11'),(389,66,16,'Супер, продолжай в том же духе!','2025-03-11 02:00:11'),(390,23,23,'Сильно','2025-03-16 02:00:11'),(391,26,23,'Очень вдохновляюще!','2025-03-14 02:00:11'),(392,46,13,'Глубоко тронуло','2025-05-02 02:00:11'),(393,40,26,'Невероятная работа','2025-04-20 02:00:11'),(394,68,26,'Люблю такую цветовую палитру.','2025-04-07 02:00:11'),(395,27,18,'Шикарно нарисовано','2025-03-18 02:00:11'),(396,37,24,'Это круто!','2025-05-07 02:00:11'),(397,22,13,'❤','2025-05-18 02:00:11'),(398,46,23,'❤','2025-03-12 02:00:11'),(399,44,21,'Очень вдохновляюще!','2025-04-12 02:00:11'),(400,45,27,'Глубоко тронуло','2025-05-15 02:00:11'),(401,29,26,'Нравится!','2025-03-26 02:00:11'),(402,76,23,'Нравится!','2025-03-09 02:00:11'),(403,55,23,'Это круто!','2025-05-13 02:00:11'),(404,20,14,'Очень атмосферно.','2025-04-21 02:00:11'),(405,19,22,'Это круто!','2025-05-07 02:00:11'),(406,75,26,'Очень вдохновляюще!','2025-05-28 02:00:11'),(407,48,19,'Сильно','2025-04-02 02:00:11'),(408,29,27,'Супер, продолжай в том же духе!','2025-03-12 02:00:11'),(409,59,16,'Сюжет интересный.','2025-04-09 02:00:11'),(410,25,15,'Люблю такую цветовую палитру.','2025-05-01 02:00:11'),(411,63,19,'Невероятная работа','2025-05-09 02:00:11'),(412,47,19,'Очень атмосферно.','2025-05-20 02:00:11'),(413,33,25,'Супер, продолжай в том же духе!','2025-03-18 02:00:11'),(414,48,20,'Люблю такую цветовую палитру.','2025-04-07 02:00:11'),(415,42,26,'Невероятная работа','2025-03-25 02:00:11'),(416,32,26,'Это круто!','2025-05-13 02:00:11'),(417,49,18,'Сюжет интересный.','2025-05-30 02:00:11'),(418,36,22,'Вау!','2025-04-15 02:00:11'),(419,74,15,'Очень атмосферно.','2025-05-29 02:00:11'),(420,67,21,'Очень атмосферно.','2025-05-22 02:00:11'),(421,58,26,'Шикарно нарисовано','2025-03-17 02:00:11'),(422,21,25,'Невероятная работа','2025-05-03 02:00:11'),(423,77,24,'Вау!','2025-05-27 02:00:11'),(424,28,21,'Очень атмосферно.','2025-04-04 02:00:11'),(425,66,22,'Очень вдохновляюще!','2025-05-05 02:00:11'),(426,65,16,'Люблю такую цветовую палитру.','2025-04-10 02:00:11'),(427,33,18,'Сюжет интересный.','2025-03-12 02:00:11'),(428,36,18,'Очень атмосферно.','2025-04-03 02:00:11'),(429,45,18,'Сильно','2025-05-24 02:00:11'),(430,35,13,'Шикарно нарисовано','2025-04-02 02:00:11'),(431,19,23,'❤','2025-04-11 02:00:11'),(432,29,18,'Глубоко тронуло','2025-04-23 02:00:11'),(433,18,21,'Сильно','2025-05-31 02:00:11'),(434,58,22,'Классная работа!','2025-04-16 02:00:11'),(435,40,24,'Сильно','2025-04-27 02:00:11'),(436,30,18,'Глубоко тронуло','2025-03-09 02:00:11'),(437,50,27,'Глубоко тронуло','2025-04-10 02:00:11'),(438,69,23,'Сюжет интересный.','2025-03-29 02:00:11'),(439,18,20,'Супер, продолжай в том же духе!','2025-03-12 02:00:11'),(440,38,20,'Вау!','2025-04-16 02:00:11'),(441,52,20,'Нравится!','2025-04-24 02:00:11'),(442,61,24,'Очень атмосферно.','2025-05-22 02:00:11'),(443,78,24,'❤','2025-04-29 02:00:11'),(444,76,17,'Шикарно нарисовано','2025-04-28 02:00:11'),(445,72,26,'Нравится!','2025-03-23 02:00:11'),(446,22,22,'Нравится!','2025-04-02 02:00:11'),(447,63,27,'Сильно','2025-05-03 02:00:11'),(448,35,27,'Люблю такую цветовую палитру.','2025-05-03 02:00:11'),(449,18,14,'Вау!','2025-03-09 02:00:11'),(450,59,27,'Шикарно нарисовано','2025-03-04 02:00:11'),(451,28,13,'Сильно','2025-04-15 02:00:11'),(452,38,15,'Сильно','2025-04-26 02:00:11'),(453,30,20,'Очень вдохновляюще!','2025-04-01 02:00:11'),(454,54,22,'Сильно','2025-04-25 02:00:11'),(455,48,21,'Сюжет интересный.','2025-05-26 02:00:11'),(456,35,25,'Нравится!','2025-05-26 02:00:11'),(457,76,25,'Нравится!','2025-04-13 02:00:11'),(458,43,17,'Вау!','2025-05-07 02:00:11'),(459,31,25,'Это круто!','2025-04-07 02:00:11'),(460,49,23,'Очень вдохновляюще!','2025-03-09 02:00:11'),(461,24,21,'Нравится!','2025-05-31 02:00:11'),(462,46,15,'Классная работа!','2025-05-16 02:00:11'),(463,73,20,'Классная работа!','2025-03-22 02:00:11'),(464,20,17,'Очень вдохновляюще!','2025-04-27 02:00:11'),(465,31,22,'Люблю такую цветовую палитру.','2025-03-27 02:00:11'),(466,47,20,'Невероятная работа','2025-05-08 02:00:11'),(467,39,24,'Очень вдохновляюще!','2025-03-24 02:00:11'),(468,44,16,'Это круто!','2025-03-03 02:00:11'),(469,55,14,'Невероятная работа','2025-04-21 02:00:11'),(470,76,19,'Глубоко тронуло','2025-03-05 02:00:11'),(471,57,26,'Сильно','2025-03-18 02:00:11'),(472,47,15,'Глубоко тронуло','2025-04-05 02:00:11'),(473,65,23,'Невероятная работа','2025-03-05 02:00:11'),(474,48,27,'Вау!','2025-03-10 02:00:11'),(475,64,16,'Классная работа!','2025-03-26 02:00:11'),(476,69,20,'Очень вдохновляюще!','2025-03-10 02:00:11'),(477,34,23,'Шикарно нарисовано','2025-05-23 02:00:11'),(478,53,14,'Нравится!','2025-03-19 02:00:11'),(479,27,24,'Очень атмосферно.','2025-03-09 02:00:11'),(480,32,25,'Сюжет интересный.','2025-05-24 02:00:11'),(481,77,17,'Шикарно нарисовано','2025-03-16 02:00:11'),(482,71,25,'Нравится!','2025-04-14 02:00:11'),(483,36,25,'Очень атмосферно.','2025-05-03 02:00:11'),(484,36,24,'Люблю такую цветовую палитру.','2025-04-04 02:00:11'),(485,76,18,'Глубоко тронуло','2025-03-20 02:00:11'),(486,38,22,'Классная работа!','2025-04-13 02:00:11'),(487,21,26,'Сюжет интересный.','2025-04-11 02:00:11'),(488,18,25,'Очень вдохновляюще!','2025-03-10 02:00:11'),(489,27,27,'Шикарно нарисовано','2025-03-15 02:00:11'),(490,41,24,'Люблю такую цветовую палитру.','2025-05-13 02:00:11'),(491,68,22,'Очень атмосферно.','2025-04-02 02:00:11'),(492,75,13,'Очень атмосферно.','2025-04-20 02:00:11'),(493,77,15,'Глубоко тронуло','2025-04-03 02:00:11'),(494,77,21,'Сильно','2025-03-28 02:00:11'),(495,51,19,'Супер, продолжай в том же духе!','2025-06-01 02:00:11'),(496,67,13,'Глубоко тронуло','2025-05-08 02:00:11'),(497,26,19,'Классная работа!','2025-03-31 02:00:11'),(498,56,22,'❤','2025-04-20 02:00:11'),(499,65,15,'Шикарно нарисовано','2025-04-08 02:00:11'),(500,68,19,'Невероятная работа','2025-03-26 02:00:11'),(501,69,22,'Шикарно нарисовано','2025-03-14 02:00:11'),(502,63,13,'Шикарно нарисовано','2025-03-20 02:00:11'),(503,57,15,'Сюжет интересный.','2025-05-26 02:00:11'),(504,77,19,'❤','2025-05-11 02:00:11'),(505,26,18,'Сильно','2025-05-02 02:00:11'),(506,57,17,'❤','2025-04-10 02:00:11'),(507,61,13,'Классная работа!','2025-04-09 02:00:11'),(508,48,13,'Невероятная работа','2025-05-20 02:00:11'),(509,25,19,'Невероятная работа','2025-04-12 02:00:11'),(510,51,26,'Нравится!','2025-04-22 02:00:11'),(511,54,25,'Супер, продолжай в том же духе!','2025-05-18 02:00:11'),(512,71,19,'Нравится!','2025-03-13 02:00:11'),(513,41,22,'Вау!','2025-03-14 02:00:11'),(514,21,17,'Сюжет интересный.','2025-05-26 02:00:11'),(515,33,16,'❤','2025-04-18 02:00:11'),(516,44,27,'Вау!','2025-03-22 02:00:11'),(517,31,14,'Классная работа!','2025-04-26 02:00:11'),(518,36,17,'Классная работа!','2025-03-22 02:00:11'),(519,20,13,'Вау!','2025-04-28 02:00:11'),(520,76,22,'❤','2025-04-28 02:00:11'),(521,68,23,'Классная работа!','2025-05-24 02:00:11'),(522,21,20,'Сюжет интересный.','2025-05-31 02:00:11'),(523,33,24,'Это круто!','2025-05-07 02:00:11'),(524,43,24,'❤','2025-04-03 02:00:11'),(525,56,17,'Сюжет интересный.','2025-05-11 02:00:11'),(526,70,25,'Сильно','2025-05-03 02:00:11'),(527,68,21,'Супер, продолжай в том же духе!','2025-03-29 02:00:11'),(528,23,16,'Сильно','2025-05-13 02:00:11'),(529,62,23,'❤','2025-03-14 02:00:11'),(530,77,18,'Люблю такую цветовую палитру.','2025-03-07 02:00:11'),(531,29,23,'Очень атмосферно.','2025-04-09 02:00:11'),(532,34,13,'❤','2025-04-20 02:00:11'),(533,25,24,'Нравится!','2025-05-24 02:00:11'),(534,39,16,'Шикарно нарисовано','2025-04-08 02:00:11'),(535,36,13,'Люблю такую цветовую палитру.','2025-03-25 02:00:11'),(536,77,14,'Вау!','2025-05-23 02:00:11'),(537,65,26,'Это круто!','2025-04-28 02:00:11'),(538,28,24,'Шикарно нарисовано','2025-04-29 02:00:11'),(539,22,26,'Люблю такую цветовую палитру.','2025-05-23 02:00:11'),(540,31,23,'Глубоко тронуло','2025-04-04 02:00:11'),(541,48,25,'Классная работа!','2025-06-01 02:00:11'),(542,61,27,'Вау!','2025-05-13 02:00:11'),(543,46,25,'❤','2025-05-23 02:00:11'),(544,75,25,'Очень вдохновляюще!','2025-03-20 02:00:11'),(545,50,13,'Сильно','2025-03-23 02:00:11'),(546,51,20,'Люблю такую цветовую палитру.','2025-03-30 02:00:11'),(547,25,20,'❤','2025-04-09 02:00:11'),(548,63,16,'Сюжет интересный.','2025-04-16 02:00:11'),(549,60,16,'Невероятная работа','2025-04-28 02:00:11'),(550,54,14,'Нравится!','2025-03-22 02:00:11'),(551,52,26,'Вау!','2025-03-29 02:00:11'),(552,77,20,'Вау!','2025-05-25 02:00:11'),(553,28,27,'Классная работа!','2025-05-17 02:00:11'),(554,36,14,'Очень вдохновляюще!','2025-03-29 02:00:11'),(555,41,14,'Сильно','2025-03-29 02:00:11'),(556,47,26,'Классная работа!','2025-03-10 02:00:11'),(557,72,21,'Люблю такую цветовую палитру.','2025-05-13 02:00:11'),(558,60,14,'Вау!','2025-05-14 02:00:11'),(559,60,20,'Шикарно нарисовано','2025-05-17 02:00:11'),(560,32,13,'Супер, продолжай в том же духе!','2025-04-26 02:00:11'),(561,19,21,'Шикарно нарисовано','2025-05-11 02:00:11'),(562,57,22,'Шикарно нарисовано','2025-04-14 02:00:11'),(563,69,19,'Глубоко тронуло','2025-05-18 02:00:11'),(564,38,17,'Невероятная работа','2025-05-31 02:00:11'),(565,70,24,'Глубоко тронуло','2025-03-14 02:00:11'),(566,41,15,'Это круто!','2025-05-20 02:00:11'),(567,50,18,'Очень вдохновляюще!','2025-04-10 02:00:11'),(568,70,15,'Невероятная работа','2025-03-24 02:00:11'),(569,74,20,'Глубоко тронуло','2025-04-18 02:00:11'),(570,38,23,'Сюжет интересный.','2025-04-27 02:00:11'),(571,69,18,'Вау!','2025-05-16 02:00:11'),(572,20,16,'Вау!','2025-05-07 02:00:11'),(573,37,27,'Нравится!','2025-03-28 02:00:11'),(574,21,15,'Очень вдохновляюще!','2025-04-29 02:00:11'),(575,75,16,'Классная работа!','2025-04-27 02:00:11'),(576,66,17,'Глубоко тронуло','2025-05-30 02:00:11'),(577,72,27,'Люблю такую цветовую палитру.','2025-04-20 02:00:11'),(578,60,23,'Сильно','2025-04-05 02:00:11'),(579,44,22,'Невероятная работа','2025-04-23 02:00:11'),(580,62,16,'Глубоко тронуло','2025-04-01 02:00:11'),(581,28,14,'Глубоко тронуло','2025-04-01 02:00:11'),(582,77,26,'Супер, продолжай в том же духе!','2025-04-11 02:00:11'),(583,26,17,'Очень атмосферно.','2025-04-15 02:00:11'),(584,23,27,'Сильно','2025-04-03 02:00:11'),(585,36,26,'Супер, продолжай в том же духе!','2025-03-20 02:00:11'),(586,68,18,'Это круто!','2025-04-03 02:00:11'),(587,33,27,'Вау!','2025-05-06 02:00:11'),(588,67,20,'Вау!','2025-05-13 02:00:11'),(589,55,24,'Невероятная работа','2025-03-12 02:00:11'),(590,54,19,'Невероятная работа','2025-03-03 02:00:11'),(591,33,17,'Глубоко тронуло','2025-06-01 02:00:11'),(592,66,23,'Очень атмосферно.','2025-05-30 02:00:11'),(593,55,27,'Классная работа!','2025-04-03 02:00:11'),(594,43,25,'Глубоко тронуло','2025-04-03 02:00:11'),(595,66,21,'Люблю такую цветовую палитру.','2025-04-02 02:00:11'),(596,74,24,'Сюжет интересный.','2025-05-11 02:00:11'),(597,27,17,'Это круто!','2025-03-26 02:00:11'),(598,73,25,'Очень вдохновляюще!','2025-05-30 02:00:11'),(599,67,15,'Люблю такую цветовую палитру.','2025-03-16 02:00:11'),(600,39,18,'Это круто!','2025-04-16 02:00:11'),(601,60,24,'Шикарно нарисовано','2025-05-26 02:00:11'),(602,54,20,'Очень атмосферно.','2025-05-31 02:00:11'),(603,34,17,'Шикарно нарисовано','2025-05-14 02:00:11'),(604,19,24,'Супер, продолжай в том же духе!','2025-05-20 02:00:11'),(605,53,27,'Сильно','2025-05-03 02:00:11'),(606,60,27,'Сильно','2025-05-09 02:00:11'),(607,19,26,'Люблю такую цветовую палитру.','2025-03-07 02:00:11'),(608,45,15,'Глубоко тронуло','2025-04-10 02:00:11'),(609,64,17,'❤','2025-04-23 02:00:11'),(610,61,21,'Классная работа!','2025-04-03 02:00:11'),(611,65,21,'Сильно','2025-05-01 02:00:11'),(612,48,24,'Невероятная работа','2025-04-27 02:00:11'),(613,71,27,'Вау!','2025-03-17 02:00:11'),(614,56,18,'Супер, продолжай в том же духе!','2025-04-13 02:00:11'),(615,29,14,'Вау!','2025-04-17 02:00:11'),(616,32,22,'Нравится!','2025-05-11 02:00:11'),(617,51,21,'Очень вдохновляюще!','2025-05-13 02:00:11'),(618,47,22,'Очень атмосферно.','2025-05-13 02:00:11'),(619,53,16,'Супер, продолжай в том же духе!','2025-04-27 02:00:11'),(620,50,21,'Сюжет интересный.','2025-05-13 02:00:11'),(621,46,21,'Шикарно нарисовано','2025-03-09 02:00:11'),(622,56,23,'Шикарно нарисовано','2025-04-09 02:00:11'),(623,41,19,'Классная работа!','2025-04-15 02:00:11'),(624,30,21,'Невероятная работа','2025-03-05 02:00:11'),(625,62,20,'Нравится!','2025-03-11 02:00:11'),(626,22,19,'Нравится!','2025-04-04 02:00:11'),(627,43,20,'Люблю такую цветовую палитру.','2025-04-28 02:00:11'),(628,26,14,'Очень вдохновляюще!','2025-04-10 02:00:11'),(629,67,22,'Очень атмосферно.','2025-04-20 02:00:11'),(630,66,27,'Невероятная работа','2025-03-13 02:00:11'),(631,44,23,'Классная работа!','2025-05-25 02:00:11'),(632,27,21,'Очень атмосферно.','2025-03-18 02:00:11'),(633,37,22,'Это круто!','2025-05-19 02:00:11'),(634,63,18,'Нравится!','2025-05-29 02:00:11'),(635,42,15,'Невероятная работа','2025-04-03 02:00:11'),(636,54,24,'Очень вдохновляюще!','2025-03-24 02:00:11'),(637,63,23,'Классная работа!','2025-04-05 02:00:11'),(638,40,23,'Люблю такую цветовую палитру.','2025-04-26 02:00:11'),(639,78,19,'Шикарно нарисовано','2025-05-06 02:00:11'),(640,19,19,'Шикарно нарисовано','2025-04-08 02:00:11'),(641,79,27,'Сильно','2025-03-27 02:00:11'),(642,58,25,'Очень вдохновляюще!','2025-05-24 02:00:11'),(643,30,15,'Шикарно нарисовано','2025-04-28 02:00:11'),(644,18,24,'Сюжет интересный.','2025-04-14 02:00:11'),(645,44,13,'Вау!','2025-05-07 02:00:11'),(646,76,13,'Люблю такую цветовую палитру.','2025-03-12 02:00:11'),(647,22,23,'Сильно','2025-04-21 02:00:11'),(648,52,18,'Это круто!','2025-03-28 02:00:11'),(649,65,14,'Классная работа!','2025-03-14 02:00:11'),(650,79,21,'Классная работа!','2025-03-09 02:00:11'),(651,27,13,'❤','2025-05-24 02:00:11'),(652,39,22,'Это круто!','2025-03-26 02:00:11'),(653,20,25,'Люблю такую цветовую палитру.','2025-04-15 02:00:11'),(654,71,20,'Невероятная работа','2025-05-01 02:00:11'),(655,25,16,'Очень атмосферно.','2025-03-20 02:00:11'),(656,19,20,'Шикарно нарисовано','2025-04-10 02:00:11'),(657,39,25,'Сюжет интересный.','2025-04-23 02:00:11'),(658,76,15,'Классная работа!','2025-05-11 02:00:11'),(659,31,16,'Нравится!','2025-04-14 02:00:11'),(660,53,25,'Классная работа!','2025-03-05 02:00:11'),(661,73,17,'Супер, продолжай в том же духе!','2025-04-25 02:00:11'),(662,79,23,'Шикарно нарисовано','2025-03-04 02:00:11'),(663,40,16,'Сильно','2025-03-06 02:00:11'),(664,56,15,'Шикарно нарисовано','2025-03-19 02:00:11'),(665,66,26,'Супер, продолжай в том же духе!','2025-04-11 02:00:11'),(666,41,27,'Невероятная работа','2025-05-25 02:00:11'),(667,37,15,'Нравится!','2025-05-26 02:00:11'),(668,72,22,'Это круто!','2025-04-14 02:00:11'),(669,20,20,'Очень атмосферно.','2025-03-25 02:00:11'),(670,51,14,'Невероятная работа','2025-04-25 02:00:11'),(671,57,23,'Сюжет интересный.','2025-03-25 02:00:11'),(672,39,19,'Сюжет интересный.','2025-04-19 02:00:11'),(673,47,17,'Невероятная работа','2025-04-06 02:00:11'),(674,67,16,'Очень атмосферно.','2025-05-28 02:00:11'),(675,20,27,'Супер, продолжай в том же духе!','2025-04-22 02:00:11'),(676,37,26,'Это круто!','2025-05-11 02:00:11'),(677,44,17,'Сильно','2025-04-09 02:00:11'),(678,57,13,'Это круто!','2025-03-29 02:00:11'),(679,25,25,'Люблю такую цветовую палитру.','2025-03-12 02:00:11'),(680,25,22,'Люблю такую цветовую палитру.','2025-05-12 02:00:11'),(681,68,14,'Вау!','2025-05-23 02:00:11'),(682,33,14,'Шикарно нарисовано','2025-03-05 02:00:11'),(683,31,24,'Классная работа!','2025-03-30 02:00:11'),(684,19,17,'Шикарно нарисовано','2025-04-13 02:00:11'),(685,47,13,'Это круто!','2025-03-23 02:00:11'),(686,58,15,'Люблю такую цветовую палитру.','2025-04-02 02:00:11'),(687,24,18,'Сюжет интересный.','2025-04-17 02:00:11'),(688,70,18,'Нравится!','2025-04-07 02:00:11'),(689,35,21,'❤','2025-04-10 02:00:11'),(690,49,17,'Это круто!','2025-05-27 02:00:11'),(691,57,25,'Это круто!','2025-05-05 02:00:11'),(692,22,25,'Супер, продолжай в том же духе!','2025-04-24 02:00:11'),(693,65,18,'Супер, продолжай в том же духе!','2025-05-01 02:00:11'),(694,26,26,'Нравится!','2025-03-24 02:00:11'),(695,76,21,'Глубоко тронуло','2025-05-07 02:00:11'),(696,79,17,'Люблю такую цветовую палитру.','2025-05-31 02:00:11'),(697,38,13,'Классная работа!','2025-03-06 02:00:11'),(698,64,18,'Сюжет интересный.','2025-05-24 02:00:11'),(699,61,17,'Нравится!','2025-04-01 02:00:11'),(700,67,23,'❤','2025-03-31 02:00:11'),(701,25,13,'Это круто!','2025-04-28 02:00:11'),(702,50,24,'Очень вдохновляюще!','2025-04-15 02:00:11'),(703,30,26,'Невероятная работа','2025-03-13 02:00:11'),(704,69,26,'Очень атмосферно.','2025-04-28 02:00:11'),(705,70,16,'❤','2025-06-01 02:00:11'),(706,47,24,'Шикарно нарисовано','2025-04-11 02:00:11'),(707,69,16,'Это круто!','2025-04-07 02:00:11'),(708,45,21,'Сюжет интересный.','2025-04-12 02:00:11'),(709,49,21,'Супер, продолжай в том же духе!','2025-03-08 02:00:11'),(710,76,14,'Шикарно нарисовано','2025-04-23 02:00:11'),(711,64,26,'Это круто!','2025-05-27 02:00:11'),(712,39,17,'❤','2025-05-13 02:00:11'),(713,44,25,'Нравится!','2025-03-15 02:00:11'),(714,54,17,'Классная работа!','2025-04-05 02:00:11'),(715,52,19,'Очень вдохновляюще!','2025-05-03 02:00:11'),(716,61,16,'❤','2025-05-06 02:00:11'),(717,47,27,'Очень атмосферно.','2025-05-27 02:00:11'),(718,59,26,'Сильно','2025-03-06 02:00:11'),(719,44,26,'Шикарно нарисовано','2025-04-09 02:00:11'),(720,40,21,'Это круто!','2025-05-14 02:00:11'),(721,26,25,'Нравится!','2025-05-06 02:00:11'),(722,67,25,'Очень вдохновляюще!','2025-04-12 02:00:11'),(723,68,25,'Вау!','2025-05-03 02:00:11'),(724,53,22,'Сюжет интересный.','2025-05-13 02:00:11'),(725,65,22,'Сюжет интересный.','2025-03-24 02:00:11'),(726,18,23,'Сильно','2025-04-19 02:00:11'),(727,45,22,'Классная работа!','2025-05-21 02:00:11'),(728,75,23,'Супер, продолжай в том же духе!','2025-03-13 02:00:11'),(729,37,18,'Глубоко тронуло','2025-03-27 02:00:11');
/*!40000 ALTER TABLE `comments` ENABLE KEYS */;
UNLOCK TABLES;

--
-- Table structure for table `exhibition_request_artworks`
--

DROP TABLE IF EXISTS `exhibition_request_artworks`;
/*!40101 SET @saved_cs_client     = @@character_set_client */;
/*!50503 SET character_set_client = utf8mb4 */;
CREATE TABLE `exhibition_request_artworks` (
  `ArtworkID` int NOT NULL AUTO_INCREMENT,
  `RequestID` int NOT NULL,
  `Title` varchar(255) DEFAULT NULL,
  `Description` text,
  `ImagePath` varchar(255) DEFAULT NULL,
  PRIMARY KEY (`ArtworkID`),
  KEY `RequestID` (`RequestID`),
  CONSTRAINT `exhibition_request_artworks_ibfk_1` FOREIGN KEY (`RequestID`) REFERENCES `exhibition_requests` (`RequestID`) ON DELETE CASCADE
) ENGINE=InnoDB AUTO_INCREMENT=71 DEFAULT CHARSET=utf8mb4 COLLATE=utf8mb4_0900_ai_ci;
/*!40101 SET character_set_client = @saved_cs_client */;

--
-- Dumping data for table `exhibition_request_artworks`
--

LOCK TABLES `exhibition_request_artworks` WRITE;
/*!40000 ALTER TABLE `exhibition_request_artworks` DISABLE KEYS */;
INSERT INTO `exhibition_request_artworks` VALUES (9,5,'«Вслух — глазами»','Портрет, где всё держится на взгляде. Она не смотрит на тебя, но ощущение — как будто знает, что ты тут.','/uploads/req_1748713538086-776439592.jpg'),(10,5,'«Между светом и кожей»','Силуэт, окружённый вспышкой. Как будто внутри что-то горит, но сам он молчит. Спокойствие в лице, контраст внутри. ','/uploads/req_1748713538087-598825289.jpg'),(11,5,'«Лица на паузе»','Ближе к классике. Свет скользит по коже, взгляд уходит вбок — будто что-то увидел и отвлёкся. Есть движение, но очень мягкое. ','/uploads/req_1748713538088-122424275.jpg'),(12,5,'«Контуры тишины»','Этот портрет будто кадр из сериала — та сцена, где герой просто молчит. Что-то очень личное, будто она думает о чём-то своём, но не против, если ты рядом.','/uploads/req_1748713538089-205482924.jpg'),(13,5,'«Смотрят, но не зовут»','Классический разворот головы. Немного киношная сцена — как будто он что-то услышал, обернулся, замер.','/uploads/req_1748713538090-164297462.jpg'),(14,5,'«Они не знают, что мы смотрим»','Один из тех портретов, где важнее не то, что на лице, а то, что за ним. Взгляд не ищет зрителя, он проходит мимо — но именно этим цепляет. Цвета — густые, как вечер. Свет — осторожный. Кажется, персонаж что-то уже понял, но не сказал. Или не успел.','/uploads/req_1748713538092-373213202.jpg'),(15,5,'«Без слов»','Иногда эмоции прячутся не в глазах, а в жестах. Эта работа — про тишину, про попытку собрать себя. Свет мягко касается лица, как будто боясь нарушить мысль. ','/uploads/req_1748713538093-950755897.jpg'),(16,5,'«Пока светит экран»','Лёгкий, спокойный портрет. Мягкие тени, простые формы, приглушённые оттенки — всё работает на одно чувство: тишина. Он будто стоит у окна, где солнце не яркое, а обволакивающее. Взгляд в сторону не случайный, а сосредоточенный. ','/uploads/req_1748713538093-893011365.jpg'),(17,6,'Добер с характером','Это Дог. Он вроде бы грозный и держит \"оружие\", но если приглядеться — оружие игрушечное. Просто позирует. На самом деле он — за мир, но стиль уважает.','/uploads/req_1748726861531-360224195.jpg'),(18,6,'Тигр и скейт','А вот это — Тигра, местная звезда скейтпарка. Никогда не падает, всегда с наушниками. Энергия у него как апельсин — яркая, сладкая и немного дерзкая. Рисовала его, когда захотелось чего-то активного и простого одновременно.','/uploads/req_1748726861532-164143225.jpg'),(19,6,'Цветочная Зая','Зайка просто вышла прогуляться. У неё нет миссии, только лёгкое настроение и любимое платье в горошек. Обожаю рисовать такие штуки — когда просто хочется улыбнуться. ','/uploads/req_1748726861537-5224522.jpg'),(20,6,'Кот-ведун','Это Котя — ученица ведьмы, пока что на практике. Метла ещё не слушается, но старается. Нарисовала для души, вдохновившись атмосферой Ghibli и зелёным чаем.','/uploads/req_1748726861538-191176666.jpg'),(21,6,'Крыска','Этот парень — не особо оратор. Пиво, сигарета, и взгляд, который говорит \"мне норм\". Есть у меня слабость к таким антигероям. Рисовался за ночь и под музыку.','/uploads/req_1748726861539-473704014.jpg'),(22,6,'Геккон-директор','Зовут его Георгий. Он — директор. У него галстук и трость. Почему? Потому что да. Хотелось сделать максимально вежливого ящера, который, возможно, скажет \"мм, отчёт до среды?\".\r\nДаже монстры бывают приличными.','/uploads/req_1748726861541-333196296.jpg'),(23,7,'«Метка»','Минимализм с акцентом на детали','/uploads/req_1748732143116-494670450.jpg'),(24,7,'«Готов к фото»','Белый кот смотрит прямо. Чисто и просто — почти как официальное фото.','/uploads/req_1748732143116-622862232.jpg'),(25,7,'«Осторожность»','Оленёнок в настороженной позе. Спокойствие и тревога в одном взгляде.','/uploads/req_1748732143117-758831637.jpg'),(26,8,'«Он всё ещё здесь»','Существо в лесу, чёрный силуэт с глазами, которые будто бы смотрят сквозь зрителя.\r\nНеважно, кто он. Главное — ты его уже видел. Возможно, во сне.','/uploads/req_1748734744495-281981388.jpg'),(27,8,'«Ведущая»','Силуэт женщины и ребёнка, уходящих в багровый лес.\r\nЭто не прогулка. Это переход. Кто из них ведёт — неизвестно.','/uploads/req_1748734744496-204414076.jpg'),(28,8,'«Спичка»','Парень с горящей спичкой. Единственный источник света — его спичка.\r\nОн смотрит не на пламя, а куда-то дальше. Он ищет или уже нашел. Или нашли его..','/uploads/req_1748734744497-442799097.jpg'),(29,8,'«Старая маска»','Лицо, скрытое за чем-то наполовину гниющим, наполовину инородным.\r\nЭто не грим и не защита. Это — остаток от кого-то, кто был человеком.','/uploads/req_1748734744497-499713210.jpg'),(30,8,'«Красная»','Фигура в красном плаще идёт вглубь леса.\r\nВолк не прячется — он просто есть. Это старая сказка, но без морали.\r\nТы не узнаешь, чем она закончилась.','/uploads/req_1748734744498-532765451.jpg'),(31,8,'«Слишком поздно»','Женщина с ранами, потрясением и невыразимым ужасом.\r\nЭто не начало страха, а его финал. Момент, когда осознание догнало.','/uploads/req_1748734744499-888185272.jpg'),(32,9,'«Закатный разговор»','Она села на самый верх лестницы, просто потому что могла. Сказала что-то смешное.\r\nЯ успел запомнить именно это выражение — спокойное и уверенное.\r\nСвет — тёплый, как её голос.','/uploads/req_1748735233329-209221476.jpg'),(33,9,'«Фотокарточка»','Рисовал по старой фотке, но перед глазами стояло не лицо, а чувство: как с ней легко.\r\nСердечки тут не декоративны.','/uploads/req_1748735233330-235315771.jpg'),(34,9,' «Солнце с плеч»','Мы гуляли, и он повернулся к камере просто так — без позы.\r\nВесь свет того утра, кажется, застрял у него на лице.','/uploads/req_1748735233332-246520783.jpg'),(35,9,'«Пауза»','На этом портрете я не просила повернуться — он просто смотрел. Без защиты, без шутки.\r\nФон я выбрал намеренно: он такой же честный.','/uploads/req_1748735233333-722632138.jpg'),(36,9,'«Одуванчики»','Ничего символичного. Просто однажды он пришел с полными руками цветов.\r\nСейчас — просто держу этот момент.','/uploads/req_1748735233334-474560737.jpg'),(37,9,'«Фиолетовое дыхание»','В этом свете она казалась мультипликационной — но я-то знаю, как она на самом деле светится.\r\nГлубина и лёгкость в одном взгляде.\r\nРисовал с улыбкой — по-другому не получалось.','/uploads/req_1748735233334-746851146.jpg'),(38,10,'«У ворот»','Она будто застала нас в момент между мирами.\r\nЛес, тории, фонарь — всё знакомое, но не наше.\r\nЭто кадр перед тем, как всё начнётся.','/uploads/req_1748735656152-573106666.jpg'),(39,10,'«Костёр»','Мальчик и огонь. Простой сюжет, но в позе — уязвимость.\r\nСвет играет на ногах, а лес будто слушает. Это не страшно. Это спокойно.','/uploads/req_1748735656153-136167016.jpg'),(40,10,'«Глубина»','Сцена под водой. Мы не видим лицо русала.\r\nЗато видим его взгляд. Это не встреча. Это наблюдение.','/uploads/req_1748735656155-357563605.jpg'),(41,10,'«Тайная вода»','Рисунок о бережности — как держать что-то чудесное, не разрушая его.','/uploads/req_1748735656155-472993136.jpg'),(42,10,'«Светлячки»','Лицо в темноте, и крылья бабочки — как метафора внутреннего света.\r\nЭто не фэнтези, это чувство перед вдохом.','/uploads/req_1748735656157-623172848.jpg'),(43,10,'«Дом, в котором»','Комната, друзья, огонь. Кажется — просто сцена, но в ней столько тепла, уюта и неозвученных фраз.\r\nЭто одна из самых настоящих магий — когда рядом.','/uploads/req_1748735656158-310566981.jpg'),(44,11,'«Мягкая линия»','Набросок, который остался. Лицо чуть усталое, но живое.\r\nЯ не хотел его заканчивать. Он и так дышал.','/uploads/req_1748736369039-268263547.jpg'),(45,11,'«Наблюдатель»','Лёгкий штрих, классическая подача. Он будто из фильма 60-х.\r\nНемного иронии в лице — будто знает, что его рисуют.','/uploads/req_1748736369041-146688451.jpg'),(46,11,'«Профиль»','Сильная линия подбородка, ровная осанка.\r\nПортрет без эмоции, но с уважением. Он просто есть. И этого достаточно.','/uploads/req_1748736369042-229967399.jpg'),(47,11,'«Увидеть кадр»','Она тоже ловит момент. А ее уловила ее в этот момент','/uploads/req_1748736369043-905228135.jpg'),(48,11,'«Линия»','Молодой, светлый, немного уязвимый.\r\nМне важен был поворот головы. Там всё: и усталость, и нежность.','/uploads/req_1748736369044-260098293.jpg'),(49,11,'«Звук»','Певец на сцене. Я не знаю, что он поёт — но точно знаю, что в этот момент он свободен.\r\nЭто про силу, которая в теле, не в голосе.','/uploads/req_1748736369045-915935553.jpg'),(50,11,'«Вода»','Он один. В помещении — неясном, почти пустом.\r\nНо свет, вода, кожа — всё говорит: этот кадр важен.','/uploads/req_1748736369046-791925595.jpg'),(51,12,'«Скай» (Paw Patrol — хуманизация)','Спокойная, собранная. Человек, который делает своё дело хорошо и не ждёт аплодисментов.','/uploads/req_1748737320306-262004149.jpg'),(52,12,'«Чейз» (Paw Patrol — хуманизация)','Полицейский не по форме, а по натуре.\r\nУравновешенный, внимательный, немного старше остальных.\r\nОн не лидер, он — основа группы.','/uploads/req_1748737320307-536218939.jpg'),(53,12,'«Маршал» (Paw Patrol — хуманизация)','Самый живой. Рисовался с улыбкой на лице.\r\nКрасный, громкий, с искренностью подростка, которому доверили костюм супергероя.','/uploads/req_1748737320308-478095614.jpg'),(54,12,'«Рокки» (Paw Patrol — хуманизация)','Ближе, тише, глубже.\r\nОн будто бы уже многое видел. Зеленый фон — символ ясности, но в глазах — усталость.\r\nХуманизация, которая вышла за рамки мультяшного образа.','/uploads/req_1748737320309-431977584.jpg'),(55,12,'«Крепыш» (Paw Patrol — хуманизация)','Пожалуй, моя любимая интерпретация.','/uploads/req_1748737320310-685243098.jpg'),(56,12,'«Зума» (Paw Patrol — хуманизация)','Умный, спокойный, рациональный.\r\nОранжевая палитра.','/uploads/req_1748737320310-602489872.jpg'),(57,13,'«Синий порог»','Это кадр за секунду до падения. И он уже знает что его ждет','/uploads/req_1748739135791-175639144.jpg'),(58,13,'«Сфера»','Один из самых атмосферных кадров.\r\nСвет не просто освещает — он формирует человека.\r\nЭто магия как внутренний акт: ты не наблюдаешь, ты проживаешь.','/uploads/req_1748739135792-330618208.jpg'),(59,13,' «Скрытый взгляд»','Веер, украшения, кат-сценовая подача.\r\nОна знает, что на неё смотрят, и позволяет это.\r\nЖенская сила — в контроле, не в атаке.','/uploads/req_1748739135793-683288674.jpg'),(60,13,'«Слева пламя»','Рыжий парень с лёгкой ухмылкой.\r\nОн не угрожает, он наблюдает.','/uploads/req_1748739135794-606077478.jpg'),(61,13,'«Позолоченный»','Портрет в золотом свете, плавные тени.','/uploads/req_1748739135795-171709194.jpg'),(62,13,'«Свет внутри»','Самый эффектный, самый тёмный.\r\nРозовое свечение, обнажённые плечи.\r\nЭто тот, кто выбрал свою силу. Даже если она пугает.','/uploads/req_1748739135796-51673739.jpg'),(63,14,'«Ничего не происходит»','Курящая девушка, сидит, смотрит в сторону.\r\nЭто не кадр действия, это паузa, которая говорит больше слов.\r\nЦвета мягкие, поза уставшая — но это портрет живого человека.','/uploads/req_1748739847730-913235595.jpg'),(64,14,'«Ведьма»','Девушка с кулоном, рамка, лёгкий декоративный орнамент.','/uploads/req_1748739847732-395673836.jpg'),(65,14,'«Бант и холод»','Светлый взгляд, мягкий свитер, оттенки осени.\r\nЭтот образ — про простоту, но не наивность.\r\nКажется, она готова рассказать что-то важное, но только если спросишь.ц','/uploads/req_1748739847732-520941739.jpg'),(66,14,'«Звёздный парень»','Его не существует, но ты его точно знаешь.\r\nЭто тот, кто не боится быть собой. Даже если это слишком громко.','/uploads/req_1748739847733-313385092.jpg'),(67,15,'«Оборот»','Этот портрет — взгляд через плечо, как будто кто-то позвал, но ты не готов обернуться до конца. Я хотела показать напряжение между уязвимостью и отчуждённостью, когда человек находится в сомнении — уйти или остаться. Направление света добавляет драматизма и ощущение тайны.','/uploads/req_1749204761043-848515409.jpg'),(68,15,'«Покой»','Самый тихий из всех. Эта работа — о принятии. Профиль, ровный свет, нейтральный фон — здесь нет конфликта. Я представляла себе это состояние как момент, когда наконец перестаёшь спорить с собой и просто дышишь.','/uploads/req_1749204761049-961631111.jpg'),(69,15,'«Взгляд сквозь»','Здесь я хотела изобразить персонажа, который не просто смотрит, а как будто видит сквозь тебя — и при этом остаётся сам непонятным. Свет создаёт эффект театрального света на лице, как будто человек застыл в кульминации внутреннего диалога.','/uploads/req_1749204761054-496981300.jpg'),(70,15,' «Невысказанное»','Единственная женская фигура в серии. Её образ — смесь силы и усталости. Этот портрет — о вещах, которые так и не были сказаны, и это видно в напряжённой линии губ и мягкости глаз. Я хотела, чтобы зритель почувствовал, что перед ним не просто лицо, а история.','/uploads/req_1749204761058-746646787.jpg');
/*!40000 ALTER TABLE `exhibition_request_artworks` ENABLE KEYS */;
UNLOCK TABLES;

--
-- Table structure for table `exhibition_request_tags`
--

DROP TABLE IF EXISTS `exhibition_request_tags`;
/*!40101 SET @saved_cs_client     = @@character_set_client */;
/*!50503 SET character_set_client = utf8mb4 */;
CREATE TABLE `exhibition_request_tags` (
  `ID` int NOT NULL AUTO_INCREMENT,
  `ArtworkID` int NOT NULL,
  `TagID` int NOT NULL,
  PRIMARY KEY (`ID`),
  KEY `ArtworkID` (`ArtworkID`),
  KEY `TagID` (`TagID`),
  CONSTRAINT `exhibition_request_tags_ibfk_1` FOREIGN KEY (`ArtworkID`) REFERENCES `exhibition_request_artworks` (`ArtworkID`) ON DELETE CASCADE,
  CONSTRAINT `exhibition_request_tags_ibfk_2` FOREIGN KEY (`TagID`) REFERENCES `tags` (`TagID`) ON DELETE CASCADE
) ENGINE=InnoDB AUTO_INCREMENT=297 DEFAULT CHARSET=utf8mb4 COLLATE=utf8mb4_0900_ai_ci;
/*!40101 SET character_set_client = @saved_cs_client */;

--
-- Dumping data for table `exhibition_request_tags`
--

LOCK TABLES `exhibition_request_tags` WRITE;
/*!40000 ALTER TABLE `exhibition_request_tags` DISABLE KEYS */;
INSERT INTO `exhibition_request_tags` VALUES (15,9,40),(16,9,1),(17,9,19),(18,9,14),(19,9,38),(20,10,40),(21,10,1),(22,10,19),(23,10,14),(24,10,38),(25,11,40),(26,11,1),(27,11,19),(28,11,14),(29,11,38),(30,12,40),(31,12,1),(32,12,19),(33,12,14),(34,12,38),(35,13,40),(36,13,1),(37,13,19),(38,13,14),(39,13,38),(40,14,40),(41,14,1),(42,14,19),(43,14,14),(44,14,38),(45,15,40),(46,15,1),(47,15,19),(48,15,14),(49,15,38),(50,16,40),(51,16,1),(52,16,19),(53,16,14),(54,16,38),(55,17,32),(56,17,33),(57,17,10),(58,17,19),(59,17,14),(60,18,32),(61,18,33),(62,18,10),(63,18,19),(64,18,14),(65,19,32),(66,19,33),(67,19,10),(68,19,19),(69,19,14),(70,20,32),(71,20,33),(72,20,10),(73,20,19),(74,20,14),(75,21,32),(76,21,33),(77,21,10),(78,21,19),(79,21,14),(80,22,32),(81,22,33),(82,22,10),(83,22,19),(84,22,14),(85,23,1),(86,23,19),(87,23,14),(88,23,38),(89,24,1),(90,24,19),(91,24,14),(92,24,38),(93,25,1),(94,25,19),(95,25,14),(96,25,38),(97,26,40),(98,26,9),(99,26,14),(100,26,18),(101,27,9),(102,27,19),(103,27,14),(104,28,32),(105,28,1),(106,28,9),(107,28,19),(108,28,14),(109,29,1),(110,29,9),(111,29,19),(112,29,14),(113,30,9),(114,30,19),(115,30,14),(116,31,1),(117,31,9),(118,31,14),(119,31,38),(120,31,18),(121,32,2),(122,32,19),(123,32,14),(124,33,1),(125,33,19),(126,33,14),(127,33,38),(128,34,1),(129,34,19),(130,34,14),(131,34,38),(132,35,1),(133,35,19),(134,35,14),(135,35,38),(136,36,1),(137,36,19),(138,36,14),(139,36,38),(140,37,1),(141,37,19),(142,37,14),(143,37,38),(144,38,32),(145,38,33),(146,38,10),(147,38,19),(148,38,14),(149,39,10),(150,39,19),(151,39,14),(152,40,33),(153,40,10),(154,40,19),(155,40,14),(156,41,35),(157,41,33),(158,41,10),(159,41,19),(160,41,14),(161,41,38),(162,42,33),(163,42,10),(164,42,19),(165,42,14),(166,42,38),(167,43,17),(168,43,35),(169,43,33),(170,43,10),(171,43,19),(172,43,14),(173,44,1),(174,44,37),(175,44,14),(176,44,38),(177,45,1),(178,45,37),(179,45,14),(180,45,38),(181,46,1),(182,46,37),(183,46,19),(184,46,14),(185,46,38),(186,47,37),(187,47,14),(188,47,18),(189,48,1),(190,48,37),(191,48,19),(192,48,14),(193,48,38),(194,49,37),(195,49,19),(196,49,14),(197,50,37),(198,50,19),(199,50,14),(200,51,32),(201,51,1),(202,51,33),(203,51,19),(204,51,14),(205,51,38),(206,52,32),(207,52,1),(208,52,33),(209,52,19),(210,52,14),(211,52,38),(212,53,32),(213,53,1),(214,53,33),(215,53,19),(216,53,14),(217,53,38),(218,54,32),(219,54,1),(220,54,33),(221,54,19),(222,54,14),(223,54,38),(224,55,32),(225,55,1),(226,55,33),(227,55,19),(228,55,14),(229,55,38),(230,56,32),(231,56,1),(232,56,33),(233,56,19),(234,56,14),(235,56,38),(236,57,32),(237,57,1),(238,57,35),(239,57,33),(240,57,19),(241,57,14),(242,57,38),(243,58,19),(244,58,14),(245,59,32),(246,59,35),(247,59,33),(248,59,19),(249,59,14),(250,59,38),(251,60,1),(252,60,35),(253,60,33),(254,60,19),(255,60,14),(256,60,38),(257,61,35),(258,61,33),(259,61,19),(260,61,14),(261,62,33),(262,62,10),(263,62,19),(264,62,14),(265,63,32),(266,63,1),(267,63,19),(268,63,14),(269,63,38),(270,64,32),(271,64,33),(272,64,10),(273,64,19),(274,64,14),(275,65,32),(276,65,19),(277,65,14),(278,66,32),(279,66,19),(280,66,14),(281,67,1),(282,67,19),(283,67,14),(284,67,38),(285,68,1),(286,68,19),(287,68,14),(288,68,38),(289,69,1),(290,69,19),(291,69,14),(292,69,38),(293,70,1),(294,70,19),(295,70,14),(296,70,38);
/*!40000 ALTER TABLE `exhibition_request_tags` ENABLE KEYS */;
UNLOCK TABLES;

--
-- Table structure for table `exhibition_requests`
--

DROP TABLE IF EXISTS `exhibition_requests`;
/*!40101 SET @saved_cs_client     = @@character_set_client */;
/*!50503 SET character_set_client = utf8mb4 */;
CREATE TABLE `exhibition_requests` (
  `RequestID` int NOT NULL AUTO_INCREMENT,
  `ArtistID` int NOT NULL,
  `Title` varchar(255) NOT NULL,
  `Description` text,
  `Theme` varchar(255) DEFAULT NULL,
  `CoverImagePath` varchar(255) DEFAULT NULL,
  `Status` enum('pending','approved','rejected') DEFAULT 'pending',
  `RequestDate` datetime DEFAULT NULL,
  PRIMARY KEY (`RequestID`),
  KEY `ArtistID` (`ArtistID`),
  CONSTRAINT `exhibition_requests_ibfk_1` FOREIGN KEY (`ArtistID`) REFERENCES `artists` (`ArtistID`) ON DELETE CASCADE
) ENGINE=InnoDB AUTO_INCREMENT=16 DEFAULT CHARSET=utf8mb4 COLLATE=utf8mb4_0900_ai_ci;
/*!40101 SET character_set_client = @saved_cs_client */;

--
-- Dumping data for table `exhibition_requests`
--

LOCK TABLES `exhibition_requests` WRITE;
/*!40000 ALTER TABLE `exhibition_requests` DISABLE KEYS */;
INSERT INTO `exhibition_requests` VALUES (5,7,'«Голоса без слов»','Каждое лицо — это рассказ. Иногда — трагедия, иногда — шутка. Я стараюсь ловить не внешность, а взгляд. Не форму губ, а тишину между словами.\r\nВ этой серии — люди, которых я видела, знала. Или просто придумала.\r\nОни все — часть меня.','Портреты','/uploads/req_1748713538084-759963905.jpg','approved','2025-05-31 20:45:38'),(6,8,'У каждого зверя — свой день','Звери, которых я бы хотел видеть в мультфильме','Животные','/uploads/req_1748726861531-362844024.jpg','approved','2025-06-01 00:27:41'),(7,11,'«Мгновения животного мира»','Эта серия показывает животных не как героев анимации или декоративных фигур, а как полноценных персонажей — с настроением, взглядом, чувством пространства. Здесь нет фантастики — только честная попытка запечатлеть момент, в котором зверь был настоящим.\r\nНекоторые работы — почти документальные. Другие — лиричные. Но каждая из них основана на уважении к живому и внимании к детали.','портреты и зарисовки животных','/uploads/req_1748732143113-982462095.jpg','approved','2025-06-01 01:55:43'),(8,9,'«Они были тут до нас»','В этой серии нет монстров в лоб, скримеров или резких форм. Здесь тишина, в которую просачивается ужас.\r\nЭто визуальные отголоски старых историй, которые никто не рассказал до конца.\r\nЗдесь лес — не просто деревья, дом — не просто убежище, а тьма — не отсутствие света, а чьё-то присутствие.\r\n\r\nКаждая работа — как найденный кадр из фильма, который ты не смотрел, но будто помнишь. В этих историях нет победителей — только следы, догадки и незаконченные фразы.','Хоррор','/uploads/req_1748734744495-939853704.jpg','approved','2025-06-01 02:39:04'),(9,12,'«Те, кого я знаю»','Это портреты моих друзей, знакомых, людей, которые были рядом в разных моментах. Я не просил их позировать. Просто ловил, когда они были собой — спокойными, задумчивыми, уставшими, смешными.\r\n\r\nВ каждом лице — что-то большее, чем поза. Я рисовал не чтобы \"похоже\", а чтобы \"как с ними рядом\".\r\nЭто не просто изображения — это воспоминания, зафиксированные цветом.','Портреты','/uploads/req_1748735233328-794465320.jpg','approved','2025-06-01 02:47:13'),(10,13,'«Изнутри наружу»','Эта серия — как окно в то, что не объяснишь словами. Это не реализм, не вымысел. Это образы, которые рождаются где-то на стыке ощущений, воспоминаний, детских историй и странных снов.\r\nГде-то здесь русалки, говорящие огни, персонажи с крыльями, светлячки в груди и ленивые тени.\r\n\r\nЭти работы не про жанр, а про состояние. Иногда — про свет, иногда — про воду. Почти всегда — про что-то личное.','Фантазия','/uploads/req_1748735656150-27473778.jpg','approved','2025-06-01 02:54:16'),(11,14,'«Кадры, которых не было»','Это портреты, наброски, моменты — неофициальные, не постановочные. Некоторые из них могли бы быть сценой из фильма, другие — просто моментом, который хочется остановить.\r\nЯ рисую мужчин, потому что в них легко ловить силу через тишину.\r\nИногда взгляд, иногда поза, иногда просто свет — это то, что делает кадр живым.\r\nЕсли кажется, что ты видел кого-то из них — возможно, это правда. А может, просто они похожи на кого-то, кого ты хотел бы знать.','Наброски','/uploads/req_1748736369039-545449572.jpg','approved','2025-06-01 03:06:09'),(12,15,'«Те, кого я вижу»','Я не просто рисую персонажей — я пытаюсь поймать, за что их любят.\r\nВ этих образах — энергия, стиль, настроение.\r\nЯ не делаю копии. Я представляю, как бы они выглядели, если бы действительно стояли передо мной.','Хуманизация','/uploads/req_1748737320304-693227611.jpg','approved','2025-06-01 03:22:00'),(13,20,'«Лица, в которых свет»','Эта коллекция — о персонажах, которых можно представить, но невозможно назвать. Это не иллюстрации к конкретному сюжету, а фрагменты вселенной, которая собирается из эмоций, взглядов, костюмов и света.','Персонажи','/uploads/req_1748739135789-947315386.jpg','approved','2025-06-01 03:52:15'),(14,23,'«Люди. Персонажи. Состояния.»','Перед тобой — не просто портреты. Это переходные состояния между реальностью и вымыслом, между честным наблюдением и стилизованной подачей.\r\nКаждый образ — как попытка поймать характер, настроение, настроение дня.\r\nКто-то похож на реального друга. Кто-то — на героя из фильма, комикса или сна.\r\n\r\nВсе они разные, но объединены одним: они живут.','Персонажи','/uploads/req_1748739847729-246961865.jpg','approved','2025-06-01 04:04:07'),(15,27,'«Ночная сторона»','Серия «Ночная сторона» — это исследование человеческих чувств на грани: когда свет гаснет, а внутренний мир обнажается. Я использовала сине-фиолетовую палитру как метафору ночи, одиночества и самонаблюдения. Эти портреты — мой способ рассказать, что молчание может звучать громче слов. Это галерея состояний, в которых мы оказываемся, оставаясь наедине с собой.','Портреты','/uploads/req_1749204761035-261259729.jpg','approved','2025-06-06 13:12:41');
/*!40000 ALTER TABLE `exhibition_requests` ENABLE KEYS */;
UNLOCK TABLES;

--
-- Table structure for table `exhibitionartworks`
--

DROP TABLE IF EXISTS `exhibitionartworks`;
/*!40101 SET @saved_cs_client     = @@character_set_client */;
/*!50503 SET character_set_client = utf8mb4 */;
CREATE TABLE `exhibitionartworks` (
  `ExhibitionArtworkID` int NOT NULL AUTO_INCREMENT,
  `ExhibitionID` int NOT NULL,
  `ArtworkID` int NOT NULL,
  PRIMARY KEY (`ExhibitionArtworkID`),
  UNIQUE KEY `ExhibitionID` (`ExhibitionID`,`ArtworkID`),
  KEY `ArtworkID` (`ArtworkID`),
  CONSTRAINT `exhibitionartworks_ibfk_1` FOREIGN KEY (`ExhibitionID`) REFERENCES `exhibitions` (`ExhibitionID`) ON DELETE CASCADE,
  CONSTRAINT `exhibitionartworks_ibfk_2` FOREIGN KEY (`ArtworkID`) REFERENCES `artwork` (`ArtworkID`) ON DELETE CASCADE
) ENGINE=InnoDB AUTO_INCREMENT=75 DEFAULT CHARSET=utf8mb4 COLLATE=utf8mb4_0900_ai_ci;
/*!40101 SET character_set_client = @saved_cs_client */;

--
-- Dumping data for table `exhibitionartworks`
--

LOCK TABLES `exhibitionartworks` WRITE;
/*!40000 ALTER TABLE `exhibitionartworks` DISABLE KEYS */;
INSERT INTO `exhibitionartworks` VALUES (13,18,27),(14,18,28),(15,18,29),(16,18,30),(17,18,31),(18,18,32),(19,18,33),(20,18,34),(21,19,48),(22,19,49),(23,19,50),(24,19,51),(25,19,52),(26,19,53),(27,20,54),(28,20,55),(29,20,56),(30,21,98),(31,21,99),(32,21,100),(33,21,101),(34,21,102),(35,21,103),(36,22,104),(37,22,105),(38,22,106),(39,22,107),(40,22,108),(41,22,109),(42,23,110),(43,23,111),(44,23,112),(45,23,113),(46,23,114),(47,23,115),(48,23,116),(49,24,117),(50,24,118),(51,24,119),(52,24,120),(53,24,121),(54,24,122),(55,25,123),(56,25,124),(57,25,125),(58,25,126),(59,25,127),(60,25,128),(61,26,148),(62,26,149),(63,26,150),(64,26,151),(65,27,152),(66,27,153),(67,27,154),(68,27,155),(69,27,156),(70,27,157),(71,28,158),(72,28,159),(73,28,160),(74,28,161);
/*!40000 ALTER TABLE `exhibitionartworks` ENABLE KEYS */;
UNLOCK TABLES;

--
-- Table structure for table `exhibitions`
--

DROP TABLE IF EXISTS `exhibitions`;
/*!40101 SET @saved_cs_client     = @@character_set_client */;
/*!50503 SET character_set_client = utf8mb4 */;
CREATE TABLE `exhibitions` (
  `ExhibitionID` int NOT NULL AUTO_INCREMENT,
  `Title` varchar(100) NOT NULL,
  `Description` text,
  `Theme` varchar(100) NOT NULL,
  `Type` enum('theme','personal','announcement') NOT NULL,
  `PostDate` datetime NOT NULL DEFAULT CURRENT_TIMESTAMP,
  `IsAnnouncement` tinyint(1) NOT NULL DEFAULT '0',
  `CoverImagePath` varchar(255) DEFAULT NULL,
  PRIMARY KEY (`ExhibitionID`),
  CONSTRAINT `exhibitions_chk_1` CHECK ((((`Type` = _utf8mb4'announcement') and (`IsAnnouncement` = 1)) or (`Type` <> _utf8mb4'announcement')))
) ENGINE=InnoDB AUTO_INCREMENT=29 DEFAULT CHARSET=utf8mb4 COLLATE=utf8mb4_0900_ai_ci;
/*!40101 SET character_set_client = @saved_cs_client */;

--
-- Dumping data for table `exhibitions`
--

LOCK TABLES `exhibitions` WRITE;
/*!40000 ALTER TABLE `exhibitions` DISABLE KEYS */;
INSERT INTO `exhibitions` VALUES (13,'Приветствие новым пользователям','Добро пожаловать на ArtWave — пространство, где зарождается новое искусство.\r\n\r\nВсё, что ты сейчас видишь — лишь первые штрихи на чистом холсте. Этот сайт создан не для тех, кто уже «стал», а для тех, кто только начинает идти.\r\nМы верим, что каждый человек, берущийся за кисть или стилус, заслуживает внимания. Здесь ты найдёшь не академическую строгость, а искренность, поиск, свободу и поддержку.\r\nИсследуй галереи, читай о художниках, вдохновляйся и — если почувствуешь — покажи своё.\r\n\r\nЗдесь нет снобизма. Здесь — волна, которая только набирает силу.','','announcement','2025-05-31 16:24:18',1,'/uploads/art_1748697858269-512248897.jpg'),(14,'Правила и философия платформы','Зачем существует ArtWave? И для кого он?\r\n\r\nМы часто слышим: «Я не художник, просто иногда рисую», «Я стесняюсь выкладывать свои работы», «Мои рисунки — не искусство».\r\nЭто ложь, которую нам внушили шаблоны. ArtWave существует, чтобы разорвать эти шаблоны.\r\n\r\nНаша платформа — это цифровая выставка для живых, настоящих людей, которые творят не по заказу и не ради лайков. Здесь нельзя выкладывать сгенерированные AI-изображения. Потому что мы за искусство, в которое вложена душа, сомнение, вдохновение, человеческая ошибка.\r\nМы за то, чтобы ты мог быть уязвимым. Сложным. Грубым. Гениальным. Настоящим.\r\n\r\nИ пожалуйста: уважай чужой путь. Не кради чужое. Не обесценивай чужой поиск.','','announcement','2025-05-31 16:25:33',1,'/uploads/art_1748697933320-895784582.jpg'),(15,'ЗАПУСК ВЫСТАВОК','Первая волна выставок уже здесь — и это не метафора.\r\n\r\nНа ArtWave появились первые персональные и тематические выставки. Среди них — образы лета, абстрактные поиски, карандашные портреты и масляные эксперименты.\r\nКаждая экспозиция — это портал в личный мир художника. Кто-то впервые решился показать себя, кто-то — вернулся к творчеству после долгого перерыва.\r\nОткрой для себя их истории. Они не кричат, не требуют внимания — они просто есть. И в этом их сила.\r\n\r\nПереходи в раздел «Выставки» и найди свою волну.','','announcement','2025-05-31 16:26:32',1,'/uploads/art_1748697992169-100656450.jpg'),(16,'Боишься быть не таким? Но именно «НЕ ТАКИМ» ты и нужен здесь.','Сколько рисунков ты спрятал? Сколько раз не отправил работу? Сколько раз ты сам себя убедил, что «это не достойно»?\r\nArtWave — это не конкурс. Это не инстаграм с фильтрами. Это не место, где оценивают по технике.\r\n\r\nЭто место, где у каждого есть голос.\r\nИ даже если ты не уверен — выкладывай. Именно твой путь может откликнуться кому-то другому.\r\n\r\nМы смотрим не на количество лайков. Мы ищем жизнь в каждом мазке.','','announcement','2025-05-31 16:27:24',1,'/uploads/art_1748698044787-869625703.jpg'),(17,'ХУДОЖНИК! Теперь ТВОЙ момент!','Мы открываем приём заявок на персональные выставки. Это возможность показать свои работы в индивидуальном формате — как цельную историю, как высказывание, как личную вселенную.\r\nТы можешь загрузить несколько работ, придумать название, описать свою тему — и передать это зрителям. Команда платформы рассмотрит заявки и поможет оформить выставку красиво и понятно.\r\n\r\nЕсли ты давно хотел сказать «это — я» через искусство, самое время.','','announcement','2025-05-31 16:28:26',1,'/uploads/art_1748698106479-428153952.jpg'),(18,'«Голоса без слов»','Каждое лицо — это рассказ. Иногда — трагедия, иногда — шутка. Я стараюсь ловить не внешность, а взгляд. Не форму губ, а тишину между словами.\r\nВ этой серии — люди, которых я видела, знала. Или просто придумала.\r\nОни все — часть меня.','Портреты','personal','2025-05-31 20:47:25',0,'/uploads/req_1748713538084-759963905.jpg'),(19,'У каждого зверя — свой день','Звери, которых я бы хотел видеть в мультфильме','Животные','personal','2025-06-01 00:36:51',0,'/uploads/req_1748726861531-362844024.jpg'),(20,'«Мгновения животного мира»','Эта серия показывает животных не как героев анимации или декоративных фигур, а как полноценных персонажей — с настроением, взглядом, чувством пространства. Здесь нет фантастики — только честная попытка запечатлеть момент, в котором зверь был настоящим.\r\nНекоторые работы — почти документальные. Другие — лиричные. Но каждая из них основана на уважении к живому и внимании к детали.','портреты и зарисовки животных','personal','2025-06-01 01:58:57',0,'/uploads/req_1748732143113-982462095.jpg'),(21,'«Они были тут до нас»','В этой серии нет монстров в лоб, скримеров или резких форм. Здесь тишина, в которую просачивается ужас.\r\nЭто визуальные отголоски старых историй, которые никто не рассказал до конца.\r\nЗдесь лес — не просто деревья, дом — не просто убежище, а тьма — не отсутствие света, а чьё-то присутствие.\r\n\r\nКаждая работа — как найденный кадр из фильма, который ты не смотрел, но будто помнишь. В этих историях нет победителей — только следы, догадки и незаконченные фразы.','Хоррор','personal','2025-06-01 03:44:07',0,'/uploads/req_1748734744495-939853704.jpg'),(22,'«Те, кого я вижу»','Я не просто рисую персонажей — я пытаюсь поймать, за что их любят.\r\nВ этих образах — энергия, стиль, настроение.\r\nЯ не делаю копии. Я представляю, как бы они выглядели, если бы действительно стояли передо мной.','Хуманизация','personal','2025-06-01 03:44:14',0,'/uploads/req_1748737320304-693227611.jpg'),(23,'«Кадры, которых не было»','Это портреты, наброски, моменты — неофициальные, не постановочные. Некоторые из них могли бы быть сценой из фильма, другие — просто моментом, который хочется остановить.\r\nЯ рисую мужчин, потому что в них легко ловить силу через тишину.\r\nИногда взгляд, иногда поза, иногда просто свет — это то, что делает кадр живым.\r\nЕсли кажется, что ты видел кого-то из них — возможно, это правда. А может, просто они похожи на кого-то, кого ты хотел бы знать.','Наброски','personal','2025-06-01 03:44:20',0,'/uploads/req_1748736369039-545449572.jpg'),(24,'«Изнутри наружу»','Эта серия — как окно в то, что не объяснишь словами. Это не реализм, не вымысел. Это образы, которые рождаются где-то на стыке ощущений, воспоминаний, детских историй и странных снов.\r\nГде-то здесь русалки, говорящие огни, персонажи с крыльями, светлячки в груди и ленивые тени.\r\n\r\nЭти работы не про жанр, а про состояние. Иногда — про свет, иногда — про воду. Почти всегда — про что-то личное.','Фантазия','personal','2025-06-01 03:44:23',0,'/uploads/req_1748735656150-27473778.jpg'),(25,'«Те, кого я знаю»','Это портреты моих друзей, знакомых, людей, которые были рядом в разных моментах. Я не просил их позировать. Просто ловил, когда они были собой — спокойными, задумчивыми, уставшими, смешными.\r\n\r\nВ каждом лице — что-то большее, чем поза. Я рисовал не чтобы \"похоже\", а чтобы \"как с ними рядом\".\r\nЭто не просто изображения — это воспоминания, зафиксированные цветом.','Портреты','personal','2025-06-01 03:44:27',0,'/uploads/req_1748735233328-794465320.jpg'),(26,'«Люди. Персонажи. Состояния.»','Перед тобой — не просто портреты. Это переходные состояния между реальностью и вымыслом, между честным наблюдением и стилизованной подачей.\r\nКаждый образ — как попытка поймать характер, настроение, настроение дня.\r\nКто-то похож на реального друга. Кто-то — на героя из фильма, комикса или сна.\r\n\r\nВсе они разные, но объединены одним: они живут.','Персонажи','personal','2025-06-01 04:17:43',0,'/uploads/req_1748739847729-246961865.jpg'),(27,'«Лица, в которых свет»','Эта коллекция — о персонажах, которых можно представить, но невозможно назвать. Это не иллюстрации к конкретному сюжету, а фрагменты вселенной, которая собирается из эмоций, взглядов, костюмов и света.','Персонажи','personal','2025-06-01 04:17:46',0,'/uploads/req_1748739135789-947315386.jpg'),(28,'«Ночная сторона»','Серия «Ночная сторона» — это исследование человеческих чувств на грани: когда свет гаснет, а внутренний мир обнажается. Я использовала сине-фиолетовую палитру как метафору ночи, одиночества и самонаблюдения. Эти портреты — мой способ рассказать, что молчание может звучать громче слов. Это галерея состояний, в которых мы оказываемся, оставаясь наедине с собой.','Портреты','personal','2025-06-06 13:15:46',0,'/uploads/req_1749204761035-261259729.jpg');
/*!40000 ALTER TABLE `exhibitions` ENABLE KEYS */;
UNLOCK TABLES;

--
-- Table structure for table `likes`
--

DROP TABLE IF EXISTS `likes`;
/*!40101 SET @saved_cs_client     = @@character_set_client */;
/*!50503 SET character_set_client = utf8mb4 */;
CREATE TABLE `likes` (
  `LikeID` int NOT NULL AUTO_INCREMENT,
  `UserID` int NOT NULL,
  `ExhibitionID` int NOT NULL,
  PRIMARY KEY (`LikeID`),
  UNIQUE KEY `UserID` (`UserID`,`ExhibitionID`),
  UNIQUE KEY `unique_like` (`UserID`,`ExhibitionID`),
  KEY `ExhibitionID` (`ExhibitionID`),
  CONSTRAINT `likes_ibfk_1` FOREIGN KEY (`UserID`) REFERENCES `users` (`UserID`) ON DELETE CASCADE,
  CONSTRAINT `likes_ibfk_2` FOREIGN KEY (`ExhibitionID`) REFERENCES `exhibitions` (`ExhibitionID`) ON DELETE CASCADE
) ENGINE=InnoDB AUTO_INCREMENT=806 DEFAULT CHARSET=utf8mb4 COLLATE=utf8mb4_0900_ai_ci;
/*!40101 SET character_set_client = @saved_cs_client */;

--
-- Dumping data for table `likes`
--

LOCK TABLES `likes` WRITE;
/*!40000 ALTER TABLE `likes` DISABLE KEYS */;
INSERT INTO `likes` VALUES (520,18,14),(281,18,16),(287,18,17),(217,18,18),(439,18,19),(510,18,20),(504,18,21),(797,18,23),(715,18,24),(559,18,25),(241,18,26),(755,19,17),(711,19,19),(727,19,20),(632,19,21),(476,19,22),(502,19,23),(805,19,24),(678,19,26),(590,20,13),(475,20,14),(643,20,16),(535,20,17),(740,20,20),(397,20,22),(422,20,23),(368,20,24),(724,20,25),(746,20,27),(400,21,13),(645,21,15),(585,21,17),(593,21,20),(202,21,21),(358,21,22),(452,21,23),(284,21,24),(493,21,25),(558,21,26),(206,21,27),(468,22,13),(386,22,15),(436,22,18),(697,22,19),(344,22,20),(327,22,21),(517,22,22),(718,22,23),(275,22,24),(763,22,25),(610,22,26),(373,23,14),(599,23,16),(198,23,17),(314,23,19),(377,23,21),(316,23,22),(461,23,23),(271,23,24),(376,23,25),(349,23,26),(655,23,27),(347,24,14),(395,24,15),(396,24,17),(758,24,18),(532,24,21),(255,24,22),(772,25,13),(481,25,15),(726,25,16),(218,25,18),(580,25,19),(618,25,20),(751,25,22),(321,25,23),(604,25,24),(750,25,25),(276,25,27),(449,26,13),(699,26,14),(654,26,17),(576,26,18),(568,26,19),(417,26,21),(462,26,23),(421,26,24),(792,26,25),(765,26,26),(722,27,13),(668,27,17),(466,27,18),(437,27,19),(703,27,21),(453,27,23),(550,27,24),(423,27,26),(560,27,27),(522,28,13),(652,28,14),(326,28,16),(459,28,19),(495,28,21),(285,28,22),(441,28,23),(609,28,24),(624,28,27),(686,29,14),(291,29,15),(260,29,17),(503,29,18),(317,29,20),(265,29,21),(602,29,23),(348,29,24),(472,29,26),(479,29,27),(305,30,13),(406,30,14),(714,30,15),(233,30,16),(280,30,17),(507,30,18),(301,30,19),(524,30,20),(695,30,21),(208,30,22),(410,30,23),(774,30,26),(261,30,27),(588,31,14),(730,31,16),(234,31,18),(391,31,19),(283,31,20),(415,31,21),(536,31,22),(611,31,23),(754,31,24),(530,31,25),(631,32,13),(239,32,15),(426,32,17),(256,32,18),(216,32,21),(687,32,22),(282,32,23),(551,32,25),(487,32,26),(307,33,13),(753,33,14),(251,33,15),(586,33,16),(662,33,17),(498,33,18),(263,33,20),(430,33,22),(384,33,23),(594,33,24),(484,33,25),(658,33,27),(603,34,13),(211,34,14),(404,34,16),(674,34,17),(379,34,18),(416,34,19),(245,34,20),(548,34,23),(428,34,24),(444,34,25),(501,35,13),(204,35,14),(330,35,15),(308,35,16),(359,35,18),(289,35,20),(760,35,21),(259,35,22),(334,35,24),(527,35,25),(519,35,27),(606,36,13),(625,36,14),(252,36,15),(250,36,16),(589,36,17),(499,36,18),(273,36,20),(489,36,22),(340,36,23),(555,36,24),(554,36,25),(656,36,26),(328,36,27),(738,37,15),(248,37,16),(800,37,18),(207,37,20),(319,37,21),(704,37,22),(242,37,23),(467,37,24),(361,37,25),(747,37,26),(644,37,27),(768,38,13),(313,38,14),(523,38,15),(635,38,17),(247,38,18),(511,38,20),(557,38,22),(641,38,23),(429,38,25),(268,38,26),(240,39,13),(447,39,15),(605,39,16),(783,39,17),(671,39,18),(743,39,19),(723,39,22),(407,39,23),(538,39,24),(728,39,25),(440,39,27),(734,40,16),(213,40,18),(433,40,20),(791,40,21),(709,40,23),(506,40,24),(464,40,26),(425,40,27),(286,41,13),(626,41,14),(637,41,15),(212,41,17),(380,41,18),(694,41,19),(401,41,21),(584,41,22),(405,41,23),(561,41,24),(434,41,25),(374,41,26),(737,41,27),(389,42,14),(706,42,15),(230,42,16),(300,42,18),(258,42,23),(486,42,26),(253,42,27),(333,43,13),(445,43,15),(529,43,17),(249,43,18),(698,43,20),(595,43,24),(665,43,25),(403,43,26),(237,43,27),(716,44,13),(244,44,14),(539,44,16),(748,44,17),(365,44,18),(442,44,20),(470,44,21),(650,44,22),(702,44,23),(784,44,25),(790,44,26),(587,44,27),(323,45,14),(679,45,15),(411,45,16),(277,45,17),(500,45,18),(302,45,20),(779,45,21),(798,45,22),(471,45,27),(463,46,13),(310,46,14),(533,46,15),(293,46,16),(369,46,18),(294,46,19),(692,46,21),(469,46,23),(614,46,25),(228,46,26),(458,46,27),(756,47,13),(543,47,15),(342,47,16),(744,47,17),(483,47,19),(537,47,20),(264,47,21),(689,47,22),(777,47,24),(315,47,25),(627,47,26),(788,47,27),(579,48,13),(223,48,18),(478,48,19),(485,48,20),(526,48,21),(337,48,22),(683,48,24),(612,48,25),(448,48,26),(545,48,27),(446,49,13),(761,49,17),(488,49,18),(257,49,19),(780,49,21),(388,49,22),(531,49,23),(296,49,26),(616,50,13),(331,50,14),(638,50,18),(378,50,20),(691,50,21),(773,50,24),(318,50,25),(508,50,27),(741,51,14),(394,51,15),(372,51,17),(566,51,19),(617,51,20),(688,51,21),(409,51,24),(226,51,25),(581,51,26),(311,51,27),(392,52,14),(414,52,17),(719,52,18),(786,52,19),(512,52,20),(297,52,22),(424,52,24),(357,52,25),(622,52,26),(325,52,27),(356,53,13),(549,53,14),(690,53,16),(345,53,17),(390,53,19),(362,53,21),(795,53,22),(731,53,25),(676,53,27),(621,54,14),(408,54,15),(413,54,16),(785,54,17),(661,54,19),(673,54,20),(525,54,22),(707,54,24),(582,54,25),(351,55,13),(540,55,14),(455,55,19),(231,55,20),(381,55,22),(474,55,23),(660,55,24),(270,55,25),(664,55,27),(435,56,13),(364,56,14),(735,56,15),(243,56,16),(596,56,17),(685,56,18),(569,56,22),(693,56,23),(370,56,24),(195,56,26),(749,57,13),(574,57,15),(577,57,17),(350,57,19),(220,57,21),(633,57,22),(742,57,23),(762,57,25),(542,57,26),(269,58,14),(757,58,15),(505,58,22),(209,58,24),(713,58,25),(492,58,26),(205,58,27),(312,59,15),(480,59,16),(309,59,19),(456,59,23),(427,59,24),(290,59,25),(789,59,26),(521,59,27),(329,60,13),(629,60,14),(620,60,16),(630,60,20),(363,60,21),(649,60,23),(672,60,24),(227,60,25),(278,60,26),(677,60,27),(578,61,13),(196,61,14),(222,61,15),(787,61,16),(770,61,17),(336,61,18),(681,61,21),(513,61,24),(304,61,26),(613,61,27),(383,62,13),(651,62,16),(450,62,19),(696,62,20),(215,62,21),(600,62,23),(324,62,24),(573,63,13),(619,63,16),(705,63,18),(482,63,19),(279,63,22),(708,63,23),(219,63,25),(518,63,27),(201,64,13),(402,64,14),(246,64,15),(546,64,16),(680,64,17),(769,64,18),(298,64,23),(292,64,24),(782,64,26),(720,65,14),(570,65,15),(497,65,16),(764,65,18),(200,65,19),(682,65,21),(796,65,22),(544,65,23),(288,65,24),(608,65,26),(371,65,27),(235,66,13),(385,66,14),(460,66,16),(647,66,17),(666,66,21),(496,66,22),(663,66,23),(299,66,25),(736,66,26),(701,66,27),(567,67,13),(355,67,14),(670,67,15),(745,67,16),(382,67,17),(431,67,18),(454,67,19),(659,67,20),(491,67,21),(700,67,22),(771,67,23),(793,67,25),(341,68,13),(752,68,14),(657,68,18),(571,68,19),(598,68,21),(562,68,22),(592,68,23),(272,68,24),(794,68,25),(465,68,26),(778,69,16),(642,69,18),(634,69,19),(547,69,20),(572,69,22),(509,69,23),(451,69,24),(775,69,26),(387,70,13),(639,70,15),(776,70,16),(759,70,18),(221,70,19),(339,70,21),(320,70,22),(322,70,23),(636,70,24),(597,70,25),(346,70,26),(399,70,27),(393,71,14),(398,71,15),(583,71,19),(725,71,20),(236,71,22),(420,71,24),(553,71,25),(684,71,27),(225,72,13),(366,72,16),(354,72,17),(418,72,20),(628,72,21),(739,72,22),(367,72,24),(438,72,25),(516,72,26),(648,72,27),(732,73,17),(534,73,20),(197,73,22),(352,73,24),(669,73,25),(295,73,27),(360,74,13),(490,74,15),(266,74,16),(375,74,17),(640,74,20),(338,74,21),(353,74,22),(667,74,24),(412,74,25),(203,74,26),(563,75,13),(646,75,16),(238,75,17),(419,75,18),(343,75,19),(332,75,20),(799,75,23),(615,75,25),(477,75,26),(717,76,13),(781,76,14),(729,76,15),(515,76,17),(556,76,18),(541,76,19),(443,76,20),(766,76,21),(591,76,22),(473,76,23),(528,76,25),(232,77,13),(607,77,14),(564,77,15),(432,77,16),(552,77,17),(601,77,18),(575,77,19),(623,77,20),(565,77,21),(267,77,23),(494,77,24),(229,77,25),(653,77,26),(303,78,13),(214,78,15),(254,78,16),(274,78,18),(710,78,19),(306,78,22),(514,78,24),(224,78,26),(457,79,14),(335,79,15),(262,79,16),(767,79,17),(199,79,20),(721,79,21),(733,79,23),(210,79,26),(712,79,27);
/*!40000 ALTER TABLE `likes` ENABLE KEYS */;
UNLOCK TABLES;

--
-- Table structure for table `tags`
--

DROP TABLE IF EXISTS `tags`;
/*!40101 SET @saved_cs_client     = @@character_set_client */;
/*!50503 SET character_set_client = utf8mb4 */;
CREATE TABLE `tags` (
  `TagID` int NOT NULL AUTO_INCREMENT,
  `TagName` varchar(50) NOT NULL,
  PRIMARY KEY (`TagID`),
  UNIQUE KEY `TagName` (`TagName`)
) ENGINE=InnoDB AUTO_INCREMENT=41 DEFAULT CHARSET=utf8mb4 COLLATE=utf8mb4_0900_ai_ci;
/*!40101 SET character_set_client = @saved_cs_client */;

--
-- Dumping data for table `tags`
--

LOCK TABLES `tags` WRITE;
/*!40000 ALTER TABLE `tags` DISABLE KEYS */;
INSERT INTO `tags` VALUES (29,'3D'),(4,'Абстракция'),(17,'Акварель'),(13,'Аниме'),(25,'Ар-деко'),(28,'Вектор'),(21,'Геометрия'),(20,'Граффити'),(6,'Импрессионизм'),(15,'Карандаш'),(39,'Киберпанк'),(23,'Коллаж'),(12,'Комикс'),(34,'Концепт персонажа'),(24,'Концепт-арт'),(36,'Лайн-арт'),(40,'Лица и эмоции'),(16,'Масло'),(8,'Минимализм'),(3,'Натюрморт'),(11,'Научная фантастика'),(2,'Пейзаж'),(32,'Персонажи'),(31,'Пиксель-арт'),(27,'Поп-арт'),(1,'Портрет'),(5,'Реализм'),(26,'Ретро'),(37,'Скетч'),(7,'Сюрреализм'),(35,'Фан-арт'),(33,'Фентези-персонаж'),(22,'Фракталы'),(10,'Фэнтези'),(9,'Хоррор'),(19,'Цветное'),(14,'Цифровое искусство'),(38,'Цифровой портрет'),(18,'Черно-белое'),(30,'Эротика');
/*!40000 ALTER TABLE `tags` ENABLE KEYS */;
UNLOCK TABLES;

--
-- Table structure for table `users`
--

DROP TABLE IF EXISTS `users`;
/*!40101 SET @saved_cs_client     = @@character_set_client */;
/*!50503 SET character_set_client = utf8mb4 */;
CREATE TABLE `users` (
  `UserID` int NOT NULL AUTO_INCREMENT,
  `Username` varchar(50) NOT NULL,
  `PasswordHash` varchar(255) NOT NULL,
  `Email` varchar(100) NOT NULL,
  `Role` enum('user','admin','expert') NOT NULL DEFAULT 'user',
  `RegistrationDate` datetime NOT NULL DEFAULT CURRENT_TIMESTAMP,
  PRIMARY KEY (`UserID`),
  UNIQUE KEY `Username` (`Username`),
  UNIQUE KEY `Email` (`Email`),
  CONSTRAINT `users_chk_1` CHECK ((`Email` like _utf8mb4'%@%.%'))
) ENGINE=InnoDB AUTO_INCREMENT=82 DEFAULT CHARSET=utf8mb4 COLLATE=utf8mb4_0900_ai_ci;
/*!40101 SET character_set_client = @saved_cs_client */;

--
-- Dumping data for table `users`
--

LOCK TABLES `users` WRITE;
/*!40000 ALTER TABLE `users` DISABLE KEYS */;
INSERT INTO `users` VALUES (18,'Куратор1','$2b$10$nXck963St87VpY5RjGLBWuwXyqIN9Z58Az6OQzxOh34BowHAjMiYG','123@gmail.com','admin','2025-05-31 15:59:43'),(19,'Jane','$2b$10$eUp7rrqs93uf6O0m1Iv1A.xnO4q9in6U2.8lyS76cYCPI9HURJQbq','stepanovayana1324@gmail.com','user','2025-05-31 16:34:45'),(20,'solncedraws','$2b$10$hLbR7L4gAB/4lHHZZHumOuobuyA5h1Vgt//pGNoYjn6RJ0Eug0G8i','solnce@mail.ru','user','2025-05-31 20:53:18'),(21,'Blackfern','$2b$10$19cpMm7ThSROMKYfplOkz.yRwad42OL7j2hAzSGIo3mZFPXnyzm/a','BlF@mail.ru','user','2025-05-31 20:58:21'),(22,'mero','$2b$10$smhtKYlp.mgbKpUeG.3FgOBU7X5FeAHsqxVMFkEJUpshLN0GxGkDi','mero@gmail.com','user','2025-05-31 22:34:32'),(23,'kvasha.paws','$2b$10$A5RdOVEnTJtc9Ujh09nm6OXVZDjCmFbyW9HPPwnPoxU4yNBvGW1aK','Kvasha@mail.ru','user','2025-05-31 23:06:40'),(24,'snova.ty','$2b$10$YIWf3fLUT5RfH9MaGwgzBusE7vHsrxSiMpQpmKCUUPPU/lu25LvG2','Snova@mail.ru','user','2025-05-31 23:07:51'),(25,'solovey_ne_tot','$2b$10$QJ9QsCbX7XxUJAKcBzm7SuV016WX.dnuM6SJWQzML2zHeujTsUvgy','solovey@gmail.com','user','2025-05-31 23:08:47'),(26,'внутрикадра','$2b$10$8J.AypDyqMmfmUbUrMbGS.7mRRqK3G.q.2/cz4gGJEOXeSqaFmjQK','Vnutri@mail.ru','user','2025-05-31 23:09:47'),(27,'fanfire','$2b$10$T0AqF3dEQE1RY4va5m7rLO4t.4Sr/mr0daYKiG7S3rB6r499sH.y.','ff@mail.ru','user','2025-05-31 23:10:55'),(28,'linelistening','$2b$10$8TtBf7EGik/G5AUgYKDIc.WpQA8TDD78pMAHpPzd9qI6Q9jU06nvy','ll@mail.ru','user','2025-05-31 23:12:05'),(29,'solnechnaya.ya','$2b$10$WA0SinTPzOrpyK26pRqWOO3iokpCE7aaZbWeUn3ctWjSC4o6ARJpa','solya@mail.ru','user','2025-05-31 23:12:58'),(30,'Dusha','$2b$10$wCY5AIhDUjAok5LDDhIphujnCHzxJeZnFMFbDg7.pdNbXPQPfJ.My','dusha@gmail.com','user','2025-05-31 23:13:46'),(31,'by.chance','$2b$10$WOwLI4rmiNAkIiZFadmXdO4oVoW0KhxzWKgoZQ28/OiS3ad8xTnL6','bc@mail.ru','user','2025-05-31 23:14:44'),(32,'mirisketch','$2b$10$0tDWHPY0K7HcI.aWPM165.cfbaaDTeM71n0ZDJXPcFbXmWYhzhpIu','mir@gmail.com','user','2025-05-31 23:15:30'),(33,'fromCharcoal','$2b$10$ryDCNkdn6zCQm33ehmzbn.eV/IniGDfXR167n9zXBA1nD/MxNvZkG','from@mail.ru','user','2025-05-31 23:16:31'),(34,'pXl','$2b$10$nAUpI6HAtj1IbdRumUgfPOPID4w6QeBK81vmTY8yPUEMGVMJmS4pG','pxl@mail.ru','user','2025-05-31 23:17:13'),(35,'sketch.it.how.i.feel','$2b$10$7vdgmwFX5jfRIOGOBATM4ehuIKL1EG42DOb/46HJ2hJDPbVfe57KC','sihif@gmail.com','user','2025-05-31 23:18:05'),(36,'тихо.рисую','$2b$10$HXYBVJ9zQp/rICeGq7fNBeEjvukMibUl58ybi3yJoUfeFpcTM4EZm','tiho@mail.ru','user','2025-05-31 23:18:54'),(37,'ПокаТак','$2b$10$3vaIiMigy7MELqhra5iG8.qj2e1CLXp3beoYf539fbvGbwFTeSdLu','poka@mail.ru','user','2025-05-31 23:19:43'),(38,'ivorylines','$2b$10$2Et.gghgRb1Btiazq6ARBOLdbqF37KYY0ikvFT61s5V1UgS/QYfEe','ivory@mail.ru','user','2025-05-31 23:20:22'),(39,'hiiamklovn','$2b$10$tKL/3orTLOUKJPvWXqSH0ufZjrlhD1ZNWMlIx4PGy3EbFxid7CdUS','klown@mail.ru','user','2025-05-31 23:52:01'),(40,'kefir_dreamer','$2b$10$HizexbCygqKSwg62Ka4JvuyxbJWn488bxVYApYgs50oi0BNxcbQ8m','kefir.dreamer@gmail.com','user','2025-06-01 04:20:22'),(41,'рыбка_в_облаках','$2b$10$9BvuDTuWv3PfJZnSPhR73.7kXUohNQmm8QJXe9MCiDcyGQ4TyvqUG','rybka.clouds@mail.ru','user','2025-06-01 04:20:35'),(42,'shadow_waltz','$2b$10$vWb9/rylolz1Ul/67flBIeV/81XcWA/N3bZkzHptQqCJIX.fpW1Ne','swaltz88@inbox.ru','user','2025-06-01 04:20:53'),(43,'спящий_ёжик','$2b$10$x6PDEHDmNJbZ5GdLEDOI4euchWfFeR7HDCwLcittm4KLiphJr2bXi','sleepy.ezhik@yandex.ru','user','2025-06-01 04:21:08'),(44,'glitchowl','$2b$10$RwRjUIYZQ/OL1EuWH/g9ieJ60wUWN6w7M5rn93bIYVDFiyf6e.6Du','glitch.owl@gmail.com','user','2025-06-01 04:21:23'),(45,'лиловый_снег','$2b$10$JHQQ.ez0ecBGo63UwR5xkeHXmyJy5sLJ4IdIEelqMU9CvZk6EdH36','lilacsnow@bk.ru','user','2025-06-01 04:21:39'),(46,'yozhik_na_kofe','$2b$10$5FW08l3a7OVJoVMMrzqh9.OAQbm6ZJ2HqtewFMp3mM/Ub9cN/Mify','yozhikkofe@ya.ru','user','2025-06-01 04:21:58'),(47,'mint_byte','$2b$10$TsootatghnfZsNO2Mz3Njet1Zee9qmze5DVOdvsqSu.arKZ5oTu0.','mint.byte2024@gmail.com','user','2025-06-01 04:22:13'),(48,'мечта_в_коробке','$2b$10$FqOSYqaO3ztCW3peCOXMJubOVlvby9RcREGV9hJR5E1583KdVFAQK','korobka.mecht@yandex.ru','user','2025-06-01 04:22:24'),(49,'cloudy_socks','$2b$10$3ulJXWP.H.bDYKhrHi9rPeNKmriGkoGkFK7mY2VWg8NIBOwM3t1ZG','sockycloud@gmail.com','user','2025-06-01 04:22:38'),(50,'ананас_в_шоке','$2b$10$V.SXWrRtQ16RmKfUERR/NOnRIQAw6ah3aMx0qArFYl4i/7PN1RinS','pineapple.wow@mail.ru','user','2025-06-01 04:22:53'),(51,'noodle_trap','$2b$10$w2PzkOwk5PGnNYdSI93CKu3MgdLAh9JnnqQwsKCMX1zliSfXLGi/y','noodletrap2023@gmail.com','user','2025-06-01 04:23:10'),(52,'кибермопс','$2b$10$sAJUE00MmYdqYgaczvaBGepC1g58U9iYytkQzsPSbeBW.0uK3B.7C','mopscyber@bk.ru','user','2025-06-01 04:23:24'),(53,'lavender_crash','$2b$10$4jdl3TBZTIIvOuDHPV427OcAASyQ17TxM0l8BRAsZx6z/RGSG3D9G','lavender.crash@inbox.ru','user','2025-06-01 04:23:40'),(54,'пельмень_от_бога','$2b$10$//7J/dCQEgivpQedzEg4UODP4sUUMzcNmcNnM9hIz0RKZntI/ZJk.','godpelmen@mail.ru','user','2025-06-01 04:23:55'),(55,'какао_в_дождь','$2b$10$F9cfFf4mXqr.TH8gZcCuqenxgV8nwO2.etSqj2sBCBddEpr9JWZ16','rainycacao@yandex.ru','user','2025-06-01 04:24:13'),(56,'tofu_skyline','$2b$10$0qba47tCuZ0SC9UIWduST.gC0vz3d54/bBJYR8rF25DFpQUSozPGm','tofu.skyline@gmail.com','user','2025-06-01 04:24:26'),(57,'ужасный_поэт','$2b$10$lgYyN3bnmhf8970tzuplq.8KxIPUkDQJZKp3TZmAsXqm/8dFoH6FW','badpoet666@mail.ru','user','2025-06-01 04:24:42'),(58,'sleep.token ','$2b$10$jModCq5VPsGNjSTgryZK3Ot54XpGWJHiGqQQ0EBDSuQxldBD7463u','sleeptoken@inbox.ru','user','2025-06-01 04:24:55'),(59,'музыка_в_тарелке','$2b$10$15B6k6nWTNXeqQGv7VlWbu7GeTkNG0oCK5oaoy11E0hF/dekv4WiS','musicplate@mail.ru','user','2025-06-01 04:25:22'),(60,'pixel.apathy','$2b$10$ffjRWSl1/YuoLdPVkcF2D.MLTexGc406vvnwJP/vQrOCOCNsCiB0a','pixel.apathy@gmail.com','user','2025-06-01 04:25:41'),(61,'бульбулятор3000','$2b$10$eWpUn8BMSC0yJRQR68rQeOFs.hVL0HUSddk9sNxb1DRqVVHumM7ta','bulbulator3000@bk.ru','user','2025-06-01 04:25:56'),(62,'frog_on_fire','$2b$10$hDitHMgeYyBQiWwGclclne.CgNiPcVkPE/UjZIc7UTeJwaX1WEnUm','frogonfire@ya.ru','user','2025-06-01 04:26:09'),(63,'осень_под_оконцем','$2b$10$GH0NwXPxiAps58sLO/lRIeuboKjcjsIL7sl5n/VjUHjKxkU4eqR6i','osen.okoshko@yandex.ru','user','2025-06-01 04:26:24'),(64,'кактусный_джем','$2b$10$wZbmxnaEgnwlwxjjqS7bnuwerZFpONL2O0DQyVaZ5nYi/77AJIEpS','cactusjam@bk.ru','user','2025-06-01 04:26:38'),(65,'tide.flow','$2b$10$qnXpKXDMvgNZfWkkGGoaXemyH9fzF8q2.VY34mOtQ.hNuhIORoaMW','tideflow99@gmail.com','user','2025-06-01 04:26:53'),(66,'новичок_в_космосе ','$2b$10$XxCWRURf0BBADyQodn/WBeAlY4GLqhhnfC/VH8lCmCM4Wy7jV1sE2','cosmo_novice@mail.ru','user','2025-06-01 04:27:09'),(67,'вафельный_бог','$2b$10$XqRMjxqxZqD5YVv90OvWN.Mdd9aWYuVnUD2s.Hc3xTz9E9dDbEcRy','vaffelgod@yandex.ru','user','2025-06-01 04:27:23'),(68,'chill__drop','$2b$10$f669Z4g7EQG7xxLggtx07uTwk0Ms.9r4O2XY8Qep57xpRNEMHn1xO','chill.drop2024@gmail.com','user','2025-06-01 04:27:36'),(69,'морковный_танк ','$2b$10$OxJsxHFqtVMX9PY67YLfSO7VTeY6cYl3tL1etM4Zx6krByQrMFjuS','carrot.tank@mail.ru','user','2025-06-01 04:27:48'),(70,'heartsinwire','$2b$10$MOIDC0izPoaqkL8CsKzqJON42OWq8Ukn1RbvIhofEWcz6s7L262K2','heartsinwire@bk.ru','user','2025-06-01 04:28:00'),(71,'пыль_на_полке','$2b$10$oYWA8PiVrSsUFff2O3EGsOtcgzvIVxk28wLRZumiIYlurpaYmUG8.','polkapyl@mail.ru','user','2025-06-01 04:28:14'),(72,'winkbyte','$2b$10$bNlI80g/QiBxCueR7QgIceM.eJ84Up36PAOMrUg9oK4Yr4/Rt/u/W','winkbyte@ya.ru','user','2025-06-01 04:28:29'),(73,'груша_в_стенке','$2b$10$S.vB34UJYj8RgNZBOSp8vefsELi9X91jNTC5RZkaoyax.wzwtxpCy','grusha.wall@gmail.com','user','2025-06-01 04:28:49'),(74,'киви_без_шансов','$2b$10$7IH4QsY3H9h2fUJZFrlc/ueuBpJp7SKf.4.qjcGnmwuLWaH/2HpJi','kiwi.noluck@yandex.ru','user','2025-06-01 04:29:02'),(75,'mist__linguine ','$2b$10$fy37AGgmuRdHp.Kba01u1.uGqzCFWBuuJ6yS2WlhMAncV1I7Sx9Te','mist.ling@bk.ru','user','2025-06-01 04:29:16'),(76,'чай_на_проводе','$2b$10$CvYBgCcDXlyqP0KYnKRl0eV8JjlBoRUCk/lN9lLnayNaU7jWdGCOm','teacable@yandex.ru','user','2025-06-01 04:29:31'),(77,'phantom.lunch','$2b$10$o0L9z1LbwReKNa8HbMRGZ.v9Bqp8y1W8qVN8OnUQ3Bc02fS70lJ0W','phantomlunch@inbox.ru','user','2025-06-01 04:29:46'),(78,'немного_хрусталя','$2b$10$DHNk43mwDzTUJuU9h2Dw3uuLK27takk8C.yrMhg/zmcUAgFk3EUui','crystalbit@ya.ru','user','2025-06-01 04:30:00'),(79,'zebra_in_cubes ','$2b$10$B2qMmP28qZNX/RaOJuk2nuzH8HZIWoyJ/vy2BixJTD4zpAfkzRoKe','zebracube@gmail.com','user','2025-06-01 04:30:15'),(80,'expert1','$2b$10$fpup9GI4vfWjtuu8PuB6keTVYquK1oTxyoSDEHME76hfIFodklTwO','321@mail.ru','expert','2025-06-06 11:13:48'),(81,'Яна_Степанова','$2b$10$3vXAks/BeH6oeraCOjucQ.gaZc/kMXVT55/rnq52BaI17sYnelJqi','ja_na00@mail.ru','user','2025-06-16 17:43:39');
/*!40000 ALTER TABLE `users` ENABLE KEYS */;
UNLOCK TABLES;

--
-- Dumping events for database 'artwave'
--

--
-- Dumping routines for database 'artwave'
--
/*!40103 SET TIME_ZONE=@OLD_TIME_ZONE */;

/*!40101 SET SQL_MODE=@OLD_SQL_MODE */;
/*!40014 SET FOREIGN_KEY_CHECKS=@OLD_FOREIGN_KEY_CHECKS */;
/*!40014 SET UNIQUE_CHECKS=@OLD_UNIQUE_CHECKS */;
/*!40101 SET CHARACTER_SET_CLIENT=@OLD_CHARACTER_SET_CLIENT */;
/*!40101 SET CHARACTER_SET_RESULTS=@OLD_CHARACTER_SET_RESULTS */;
/*!40101 SET COLLATION_CONNECTION=@OLD_COLLATION_CONNECTION */;
/*!40111 SET SQL_NOTES=@OLD_SQL_NOTES */;

-- Dump completed on 2025-07-07 18:13:33
